evaluation_scope,group_id,species,source_image_id,split,image_count,species_true,species_predicted,correct,confidence,top2_species,top2_probability,top3_species,top3_probability,top1_top2_margin,entropy
oof,Acinetobacter oryzae|IMG_20260213_094223,Acinetobacter oryzae,IMG_20260213_094223,train,9,Acinetobacter oryzae,Pseudescherichia vulneris,False,0.3320850133895874,Serratia marcescens,0.26861464977264404,Acinetobacter oryzae,0.11456672102212906,0.06347036361694336,2.250061511993408
oof,Acinetobacter oryzae|IMG_20260213_094336,Acinetobacter oryzae,IMG_20260213_094336,train,12,Acinetobacter oryzae,Serratia marcescens,False,0.2535300850868225,Acinetobacter oryzae,0.18793264031410217,Staphylococcus taiwanensis,0.06618526577949524,0.06559744477272034,2.8674535751342773
oof,Acinetobacter oryzae|IMG_20260213_094505,Acinetobacter oryzae,IMG_20260213_094505,train,8,Acinetobacter oryzae,Serratia marcescens,False,0.5555775761604309,Acinetobacter oryzae,0.23795068264007568,Arthrobacter gandavensis,0.05078921467065811,0.3176268935203552,1.6012595891952515
oof,Acinetobacter oryzae|IMG_20260213_094556,Acinetobacter oryzae,IMG_20260213_094556,train,10,Acinetobacter oryzae,Acinetobacter oryzae,True,0.21687927842140198,Serratia marcescens,0.19110378623008728,Pseudomonas parafulva,0.1827605813741684,0.025775492191314697,2.5799312591552734
oof,Acinetobacter oryzae|IMG_20260213_094613,Acinetobacter oryzae,IMG_20260213_094613,train,12,Acinetobacter oryzae,Serratia marcescens,False,0.2762492001056671,Acinetobacter oryzae,0.21658702194690704,Staphylococcus taiwanensis,0.05357901006937027,0.05966217815876007,2.7950637340545654
oof,Acinetobacter oryzae|IMG_20260213_094617,Acinetobacter oryzae,IMG_20260213_094617,train,12,Acinetobacter oryzae,Serratia marcescens,False,0.2783539295196533,Acinetobacter oryzae,0.27463310956954956,Brevundimonas huaxiensis,0.07937691360712051,0.0037208199501037598,2.5044047832489014
oof,Acinetobacter seifertii|IMG_20251230_161344,Acinetobacter seifertii,IMG_20251230_161344,train,12,Acinetobacter seifertii,Acinetobacter seifertii,True,0.6044114828109741,Enterobacter quasihormaechei,0.13783195614814758,Bacillus pumilus,0.03364913538098335,0.46657952666282654,1.768450379371643
oof,Acinetobacter seifertii|IMG_20251230_161404,Acinetobacter seifertii,IMG_20251230_161404,train,12,Acinetobacter seifertii,Acinetobacter seifertii,True,0.8071386814117432,Brevibacillus agri,0.034444671124219894,Enterobacter quasihormaechei,0.030978938564658165,0.7726939916610718,1.0811811685562134
oof,Acinetobacter seifertii|IMG_20251230_161408,Acinetobacter seifertii,IMG_20251230_161408,train,12,Acinetobacter seifertii,Acinetobacter seifertii,True,0.8315015435218811,Enterobacter quasihormaechei,0.03288676589727402,Micrococcus yunnanensis,0.017101239413022995,0.7986147999763489,0.9784694910049438
oof,Acinetobacter seifertii|IMG_20251230_161449,Acinetobacter seifertii,IMG_20251230_161449,train,12,Acinetobacter seifertii,Acinetobacter seifertii,True,0.5846490263938904,Brevibacillus agri,0.047938451170921326,Enterobacter quasihormaechei,0.03385219722986221,0.5367105603218079,2.1135916709899902
oof,Acinetobacter seifertii|IMG_20251230_161458,Acinetobacter seifertii,IMG_20251230_161458,train,12,Acinetobacter seifertii,Acinetobacter seifertii,True,0.7986394166946411,Acinetobacter oryzae,0.03751038387417793,Pantoea ananatis,0.015167337842285633,0.7611290216445923,1.1663497686386108
oof,Acinetobacter seifertii|IMG_20251230_161503,Acinetobacter seifertii,IMG_20251230_161503,train,12,Acinetobacter seifertii,Acinetobacter seifertii,True,0.5891165733337402,Enterobacter quasihormaechei,0.06444136798381805,Acinetobacter oryzae,0.058801159262657166,0.524675190448761,1.9649795293807983
oof,Acinetobacter seifertii|IMG_20251230_161544,Acinetobacter seifertii,IMG_20251230_161544,train,12,Acinetobacter seifertii,Acinetobacter seifertii,True,0.3165896534919739,Enterobacter quasihormaechei,0.17231127619743347,Staphylococcus petrasii,0.050958819687366486,0.1442783772945404,2.7692856788635254
oof,Acinetobacter seifertii|IMG_20251230_161658,Acinetobacter seifertii,IMG_20251230_161658,train,12,Acinetobacter seifertii,Acinetobacter seifertii,True,0.8871734142303467,Enterobacter quasihormaechei,0.03193045035004616,Arthrobacter gandavensis,0.014155617915093899,0.8552429676055908,0.6814764142036438
oof,Acinetobacter seifertii|IMG_20251230_161701,Acinetobacter seifertii,IMG_20251230_161701,train,12,Acinetobacter seifertii,Acinetobacter seifertii,True,0.7401627898216248,Arthrobacter gandavensis,0.09611723572015762,Brachybacterium paraconglomeratum,0.03251303359866142,0.6440455317497253,1.2503275871276855
oof,Arthrobacter gandavensis|IMG_20260227_101010,Arthrobacter gandavensis,IMG_20260227_101010,train,8,Arthrobacter gandavensis,Arthrobacter gandavensis,True,0.19181357324123383,Staphylococcus roterodami,0.07017593830823898,Priestia megaterium,0.05974181368947029,0.12163763493299484,3.2737183570861816
oof,Arthrobacter gandavensis|IMG_20260227_101024,Arthrobacter gandavensis,IMG_20260227_101024,train,5,Arthrobacter gandavensis,Arthrobacter gandavensis,True,0.7494651675224304,Pseudescherichia vulneris,0.033929213881492615,Bacillus pumilus,0.019044194370508194,0.7155359387397766,1.4012253284454346
oof,Arthrobacter gandavensis|IMG_20260227_101046,Arthrobacter gandavensis,IMG_20260227_101046,train,11,Arthrobacter gandavensis,Arthrobacter gandavensis,True,0.39966562390327454,Brevibacillus agri,0.11799877136945724,Pantoea ananatis,0.04354507476091385,0.2816668450832367,2.606356382369995
oof,Arthrobacter gandavensis|IMG_20260227_101053,Arthrobacter gandavensis,IMG_20260227_101053,train,5,Arthrobacter gandavensis,Arthrobacter gandavensis,True,0.39077383279800415,Priestia megaterium,0.08134773373603821,Pseudescherichia vulneris,0.06599583476781845,0.30942609906196594,2.7337288856506348
oof,Arthrobacter gandavensis|IMG_20260227_101101,Arthrobacter gandavensis,IMG_20260227_101101,train,12,Arthrobacter gandavensis,Arthrobacter gandavensis,True,0.8522824048995972,Pseudescherichia vulneris,0.06664371490478516,Chryseobacterium hagamense,0.006312830839306116,0.785638689994812,0.8092538714408875
oof,Arthrobacter gandavensis|IMG_20260227_101104,Arthrobacter gandavensis,IMG_20260227_101104,train,12,Arthrobacter gandavensis,Arthrobacter gandavensis,True,0.9116032719612122,Pseudescherichia vulneris,0.014799552969634533,Bacillus manliponensis,0.013591453433036804,0.8968037366867065,0.578624427318573
oof,Arthrobacter gandavensis|IMG_20260227_101107,Arthrobacter gandavensis,IMG_20260227_101107,train,11,Arthrobacter gandavensis,Arthrobacter gandavensis,True,0.7978454828262329,Pseudescherichia vulneris,0.028194475919008255,Pantoea ananatis,0.026332765817642212,0.7696509957313538,1.1286253929138184
oof,Arthrobacter gandavensis|IMG_20260227_101113,Arthrobacter gandavensis,IMG_20260227_101113,train,11,Arthrobacter gandavensis,Arthrobacter gandavensis,True,0.7377535700798035,Pseudescherichia vulneris,0.04248914122581482,Brevibacillus agri,0.025970742106437683,0.695264458656311,1.4438010454177856
oof,Arthrobacter gandavensis|IMG_20260227_101126,Arthrobacter gandavensis,IMG_20260227_101126,train,11,Arthrobacter gandavensis,Arthrobacter gandavensis,True,0.8830152750015259,Pseudescherichia vulneris,0.012713358737528324,Priestia megaterium,0.009463106282055378,0.8703019022941589,0.7551500797271729
oof,Arthrobacter gandavensis|IMG_20260227_101143,Arthrobacter gandavensis,IMG_20260227_101143,train,9,Arthrobacter gandavensis,Arthrobacter gandavensis,True,0.674660861492157,Pseudescherichia vulneris,0.11860024929046631,Brevundimonas huaxiensis,0.030874241143465042,0.5560606122016907,1.5520904064178467
oof,Arthrobacter gandavensis|IMG_20260227_101200,Arthrobacter gandavensis,IMG_20260227_101200,train,3,Arthrobacter gandavensis,Arthrobacter gandavensis,True,0.730126678943634,Brachybacterium paraconglomeratum,0.019528841599822044,Ralstonia pickettii,0.017373235896229744,0.710597813129425,1.5337238311767578
oof,Arthrobacter gandavensis|IMG_20260227_101204,Arthrobacter gandavensis,IMG_20260227_101204,train,4,Arthrobacter gandavensis,Arthrobacter gandavensis,True,0.7529461979866028,Pantoea ananatis,0.041887473315000534,Bacillus pumilus,0.03350602835416794,0.7110587358474731,1.2764500379562378
oof,Arthrobacter gandavensis|IMG_20260227_101212,Arthrobacter gandavensis,IMG_20260227_101212,train,3,Arthrobacter gandavensis,Arthrobacter gandavensis,True,0.7349560856819153,Staphylococcus roterodami,0.058511946350336075,Pseudescherichia vulneris,0.020816288888454437,0.6764441132545471,1.4172735214233398
oof,Arthrobacter gandavensis|IMG_20260227_101232,Arthrobacter gandavensis,IMG_20260227_101232,train,9,Arthrobacter gandavensis,Arthrobacter gandavensis,True,0.7042796611785889,Bacillus piscis,0.030747724696993828,Bacillus cereus,0.02569129690527916,0.6735319495201111,1.6118099689483643
oof,Arthrobacter gandavensis|IMG_20260227_101239,Arthrobacter gandavensis,IMG_20260227_101239,train,11,Arthrobacter gandavensis,Arthrobacter gandavensis,True,0.8390102982521057,Brachybacterium paraconglomeratum,0.03561397269368172,Chryseobacterium hagamense,0.023758884519338608,0.8033963441848755,0.9280064105987549
oof,Arthrobacter gandavensis|IMG_20260227_101242,Arthrobacter gandavensis,IMG_20260227_101242,train,12,Arthrobacter gandavensis,Arthrobacter gandavensis,True,0.8444059491157532,Brachybacterium paraconglomeratum,0.0683848112821579,Acinetobacter seifertii,0.01392702292650938,0.7760211229324341,0.8314602375030518
oof,Arthrobacter gandavensis|IMG_20260227_101245,Arthrobacter gandavensis,IMG_20260227_101245,train,11,Arthrobacter gandavensis,Arthrobacter gandavensis,True,0.9012258648872375,Pseudescherichia vulneris,0.01609824225306511,Chryseobacterium hagamense,0.01445899810642004,0.885127604007721,0.6370443105697632
oof,Arthrobacter gandavensis|IMG_20260227_101248,Arthrobacter gandavensis,IMG_20260227_101248,train,12,Arthrobacter gandavensis,Arthrobacter gandavensis,True,0.8009058833122253,Pseudescherichia vulneris,0.03404485061764717,Bacillus pumilus,0.016772011294960976,0.7668610215187073,1.156226396560669
oof,Arthrobacter gandavensis|IMG_20260227_101302,Arthrobacter gandavensis,IMG_20260227_101302,train,8,Arthrobacter gandavensis,Arthrobacter gandavensis,True,0.8751697540283203,Bacillus pumilus,0.01302032545208931,Chryseobacterium hagamense,0.008915169164538383,0.8621494174003601,0.8094925880432129
oof,Arthrobacter gandavensis|IMG_20260227_101311,Arthrobacter gandavensis,IMG_20260227_101311,train,9,Arthrobacter gandavensis,Arthrobacter gandavensis,True,0.5338298082351685,Brachybacterium paraconglomeratum,0.05415787547826767,Bacillus aerius,0.04843753203749657,0.4796719253063202,2.1700778007507324
oof,Aureobasidium melanogenum|IMG_20251227_094332,Aureobasidium melanogenum,IMG_20251227_094332,train,8,Aureobasidium melanogenum,Serratia marcescens,False,0.24257594347000122,Methylorubrum populi,0.2078719139099121,Stenotrophomonas maltophilia,0.069169782102108,0.03470402956008911,2.872270107269287
oof,Aureobasidium melanogenum|IMG_20251227_094437,Aureobasidium melanogenum,IMG_20251227_094437,train,8,Aureobasidium melanogenum,Aureobasidium melanogenum,True,0.3558521866798401,Staphylococcus capitis,0.11329011619091034,Bacillus cereus,0.0723310261964798,0.24256207048892975,2.6556687355041504
oof,Aureobasidium melanogenum|IMG_20251227_094522,Aureobasidium melanogenum,IMG_20251227_094522,train,5,Aureobasidium melanogenum,Aureobasidium melanogenum,True,0.2037319540977478,Staphylococcus cohnii,0.1860668808221817,Bacillus cereus,0.064551942050457,0.0176650732755661,3.001119375228882
oof,Aureobasidium melanogenum|IMG_20251227_094542,Aureobasidium melanogenum,IMG_20251227_094542,train,6,Aureobasidium melanogenum,Aureobasidium melanogenum,True,0.39043739438056946,Bacillus cereus,0.1344100534915924,Staphylococcus cohnii,0.10382355749607086,0.25602734088897705,2.341494560241699
oof,Aureobasidium melanogenum|IMG_20251227_094710,Aureobasidium melanogenum,IMG_20251227_094710,train,3,Aureobasidium melanogenum,Staphylococcus cohnii,False,0.23892146348953247,Aureobasidium melanogenum,0.1513727605342865,Priestia megaterium,0.06309656798839569,0.08754870295524597,3.021503210067749
oof,Aureobasidium melanogenum|IMG_20251227_094832,Aureobasidium melanogenum,IMG_20251227_094832,train,6,Aureobasidium melanogenum,Aureobasidium melanogenum,True,0.39617371559143066,Bacillus cereus,0.07895772159099579,Faucicola osloensis,0.05706764757633209,0.3172159790992737,2.7128002643585205
oof,Bacillus aerius|IMG_20260109_132726,Bacillus aerius,IMG_20260109_132726,train,4,Bacillus aerius,Bacillus aerius,True,0.7504337430000305,Brevundimonas huaxiensis,0.11254541575908661,Bacillus cereus,0.04418059438467026,0.6378883123397827,1.1141550540924072
oof,Bacillus aerius|IMG_20260109_132728,Bacillus aerius,IMG_20260109_132728,train,5,Bacillus aerius,Bacillus aerius,True,0.7275273203849792,Bacillus infantis,0.07827100157737732,Stenotrophomonas pavanii,0.057130735367536545,0.6492563486099243,1.3099980354309082
oof,Bacillus aerius|IMG_20260109_132738,Bacillus aerius,IMG_20260109_132738,train,9,Bacillus aerius,Bacillus aerius,True,0.7038252353668213,Stenotrophomonas pavanii,0.0446331687271595,Pantoea ananatis,0.03630039095878601,0.6591920852661133,1.5633779764175415
oof,Bacillus aerius|IMG_20260109_132743,Bacillus aerius,IMG_20260109_132743,train,10,Bacillus aerius,Bacillus aerius,True,0.5603955388069153,Bacillus subtilis,0.08945925533771515,Methylorubrum populi,0.06290815770626068,0.47093629837036133,1.9893929958343506
oof,Bacillus aerius|IMG_20260109_132748,Bacillus aerius,IMG_20260109_132748,train,10,Bacillus aerius,Bacillus aerius,True,0.6573004126548767,Brevibacillus agri,0.03617040067911148,Bacillus infantis,0.034520670771598816,0.6211299896240234,1.7734116315841675
oof,Bacillus aerius|IMG_20260109_132750,Bacillus aerius,IMG_20260109_132750,train,10,Bacillus aerius,Bacillus aerius,True,0.5783306360244751,Brevibacillus agri,0.10554786026477814,Stenotrophomonas maltophilia,0.05917481333017349,0.47278279066085815,1.9330154657363892
oof,Bacillus aerius|IMG_20260109_132811,Bacillus aerius,IMG_20260109_132811,train,4,Bacillus aerius,Bacillus aerius,True,0.45613670349121094,Pantoea ananatis,0.055065471678972244,Brevundimonas huaxiensis,0.04471485689282417,0.4010712206363678,2.542799711227417
oof,Bacillus cabrialesii|IMG_20260225_104820,Bacillus cabrialesii,IMG_20260225_104820,train,12,Bacillus cabrialesii,Bacillus cabrialesii,True,0.27815163135528564,Pseudescherichia vulneris,0.11654629558324814,Bacillus manliponensis,0.07299002259969711,0.1616053283214569,2.8963940143585205
oof,Bacillus cabrialesii|IMG_20260225_104824,Bacillus cabrialesii,IMG_20260225_104824,train,11,Bacillus cabrialesii,Bacillus cabrialesii,True,0.4425065219402313,Pseudescherichia vulneris,0.19846032559871674,Bacillus manliponensis,0.0788298174738884,0.2440461963415146,2.197815418243408
oof,Bacillus cabrialesii|IMG_20260225_104831,Bacillus cabrialesii,IMG_20260225_104831,train,11,Bacillus cabrialesii,Bacillus cabrialesii,True,0.3981398940086365,Pseudescherichia vulneris,0.1413889229297638,Bacillus manliponensis,0.06330857425928116,0.2567509710788727,2.580897092819214
oof,Bacillus cabrialesii|IMG_20260225_104849,Bacillus cabrialesii,IMG_20260225_104849,train,12,Bacillus cabrialesii,Bacillus cabrialesii,True,0.8083825707435608,Pseudescherichia vulneris,0.04736987501382828,Pseudomonas parafulva,0.018606392666697502,0.7610126733779907,1.069801688194275
oof,Bacillus cabrialesii|IMG_20260225_104959,Bacillus cabrialesii,IMG_20260225_104959,train,11,Bacillus cabrialesii,Bacillus cabrialesii,True,0.6739063262939453,Pseudescherichia vulneris,0.08451937139034271,Bacillus pumilus,0.032772816717624664,0.5893869400024414,1.6052314043045044
oof,Bacillus cabrialesii|IMG_20260225_105016,Bacillus cabrialesii,IMG_20260225_105016,train,12,Bacillus cabrialesii,Bacillus cabrialesii,True,0.8387126922607422,Serratia marcescens,0.049378249794244766,Pseudescherichia vulneris,0.02244710363447666,0.7893344163894653,0.9074005484580994
oof,Bacillus cabrialesii|IMG_20260225_105019,Bacillus cabrialesii,IMG_20260225_105019,train,11,Bacillus cabrialesii,Bacillus cabrialesii,True,0.7056760191917419,Pseudescherichia vulneris,0.09406483173370361,Bacillus manliponensis,0.04572155326604843,0.6116111874580383,1.4289860725402832
oof,Bacillus cereus|IMG_20260110_104037,Bacillus cereus,IMG_20260110_104037,train,9,Bacillus cereus,Bacillus cereus,True,0.7701488733291626,Bacillus pumilus,0.043555356562137604,Enterococcus innesii,0.01806364208459854,0.7265934944152832,1.2724004983901978
oof,Bacillus cereus|IMG_20260110_104041,Bacillus cereus,IMG_20260110_104041,train,5,Bacillus cereus,Bacillus cereus,True,0.6311116814613342,Bacillus pumilus,0.07377563416957855,Bacillus piscis,0.02875632792711258,0.5573360323905945,1.851737141609192
oof,Bacillus cereus|IMG_20260110_104053,Bacillus cereus,IMG_20260110_104053,train,7,Bacillus cereus,Bacillus cereus,True,0.4656858742237091,Brevibacillus agri,0.11614346504211426,Bacillus pumilus,0.08873777091503143,0.34954240918159485,2.221374988555908
oof,Bacillus cereus|IMG_20260110_104059,Bacillus cereus,IMG_20260110_104059,train,7,Bacillus cereus,Bacillus cereus,True,0.5111215114593506,Brevundimonas huaxiensis,0.12676675617694855,Brevibacillus agri,0.05986543372273445,0.38435477018356323,2.167144775390625
oof,Bacillus cereus|IMG_20260110_104110,Bacillus cereus,IMG_20260110_104110,train,3,Bacillus cereus,Bacillus cereus,True,0.5446339249610901,Brevibacillus agri,0.09292376041412354,Brevundimonas huaxiensis,0.06349363178014755,0.45171016454696655,1.9953416585922241
oof,Bacillus cereus|IMG_20260110_104113,Bacillus cereus,IMG_20260110_104113,train,4,Bacillus cereus,Bacillus cereus,True,0.5818228125572205,Stenotrophomonas pavanii,0.09267479181289673,Enterobacter quasihormaechei,0.04525245726108551,0.48914802074432373,2.0183911323547363
oof,Bacillus cereus|IMG_20260110_104116,Bacillus cereus,IMG_20260110_104116,train,4,Bacillus cereus,Bacillus cereus,True,0.8839111924171448,Brevundimonas huaxiensis,0.022794997319579124,Chryseobacterium mulctrae,0.01362739410251379,0.8611161708831787,0.7312262654304504
oof,Bacillus cereus|IMG_20260110_104128,Bacillus cereus,IMG_20260110_104128,train,5,Bacillus cereus,Bacillus cereus,True,0.8603821992874146,Aureobasidium melanogenum,0.01803416758775711,Brevibacillus agri,0.009868232533335686,0.842348039150238,0.8831960558891296
oof,Bacillus cereus|IMG_20260112_164004,Bacillus cereus,IMG_20260112_164004,train,7,Bacillus cereus,Bacillus cereus,True,0.8086612224578857,Arthrobacter gandavensis,0.03310094028711319,Chryseobacterium mulctrae,0.031080128625035286,0.7755602598190308,1.0321189165115356
oof,Bacillus cereus|IMG_20260112_164007,Bacillus cereus,IMG_20260112_164007,train,8,Bacillus cereus,Bacillus cereus,True,0.9173775911331177,Staphylococcus taiwanensis,0.014727980829775333,Staphylococcus capitis,0.008336318656802177,0.9026495814323425,0.554591178894043
oof,Bacillus cereus|IMG_20260112_164033,Bacillus cereus,IMG_20260112_164033,train,7,Bacillus cereus,Bacillus cereus,True,0.8805868625640869,Aureobasidium melanogenum,0.039830539375543594,Bacillus piscis,0.03751590475440025,0.8407562971115112,0.6400890946388245
oof,Bacillus cereus|IMG_20260112_164038,Bacillus cereus,IMG_20260112_164038,train,5,Bacillus cereus,Bacillus cereus,True,0.9503552317619324,Bacillus pumilus,0.00816752016544342,Bacillus cabrialesii,0.007391094230115414,0.9421877264976501,0.34992581605911255
oof,Bacillus cereus|IMG_20260112_164043,Bacillus cereus,IMG_20260112_164043,train,7,Bacillus cereus,Bacillus cereus,True,0.9732336401939392,Bacillus pumilus,0.007057867478579283,Staphylococcus epidermidis,0.002739449730142951,0.9661757946014404,0.20218612253665924
oof,Bacillus cereus|IMG_20260112_164048,Bacillus cereus,IMG_20260112_164048,train,10,Bacillus cereus,Bacillus cereus,True,0.977459728717804,Bacillus pumilus,0.0054784915409982204,Bacillus manliponensis,0.0025417183060199022,0.9719812273979187,0.17693062126636505
oof,Bacillus cereus|IMG_20260112_164056,Bacillus cereus,IMG_20260112_164056,train,7,Bacillus cereus,Bacillus cereus,True,0.8448947668075562,Bacillus piscis,0.03248336538672447,Bacillus pumilus,0.012311219237744808,0.8124114274978638,0.9341511726379395
oof,Bacillus cereus|IMG_20260112_164105,Bacillus cereus,IMG_20260112_164105,train,8,Bacillus cereus,Bacillus cereus,True,0.9113796353340149,Bacillus cabrialesii,0.020664110779762268,Bacillus piscis,0.011384275741875172,0.8907155394554138,0.5672519207000732
oof,Bacillus cereus|IMG_20260112_164106,Bacillus cereus,IMG_20260112_164106,train,9,Bacillus cereus,Bacillus cereus,True,0.9697895050048828,Bacillus piscis,0.007005734369158745,Brachybacterium conglomeratum,0.0029409974813461304,0.9627837538719177,0.23002195358276367
oof,Bacillus cereus|IMG_20260112_164109,Bacillus cereus,IMG_20260112_164109,train,8,Bacillus cereus,Bacillus cereus,True,0.9115817546844482,Aureobasidium melanogenum,0.008509762585163116,Acinetobacter oryzae,0.008414444513618946,0.9030719995498657,0.5901913642883301
oof,Bacillus cereus|IMG_20260112_164111,Bacillus cereus,IMG_20260112_164111,train,8,Bacillus cereus,Bacillus cereus,True,0.7888884544372559,Bacillus aerius,0.0517834834754467,Bacillus pumilus,0.032533254474401474,0.7371049523353577,1.1290518045425415
oof,Bacillus cereus|IMG_20260112_164114,Bacillus cereus,IMG_20260112_164114,train,4,Bacillus cereus,Bacillus cereus,True,0.9500435590744019,Bacillus pumilus,0.005381325259804726,Staphylococcus roterodami,0.00429530069231987,0.9446622133255005,0.37140342593193054
oof,Bacillus cereus|IMG_20260112_164117,Bacillus cereus,IMG_20260112_164117,train,5,Bacillus cereus,Bacillus cereus,True,0.9729938507080078,Bacillus piscis,0.008699676021933556,Brachybacterium conglomeratum,0.0019576868508011103,0.9642941951751709,0.20326583087444305
oof,Bacillus cereus|IMG_20260112_164128,Bacillus cereus,IMG_20260112_164128,train,7,Bacillus cereus,Bacillus cereus,True,0.9399024248123169,Bacillus piscis,0.028837010264396667,Aureobasidium melanogenum,0.0029831435531377792,0.911065399646759,0.37942513823509216
oof,Bacillus cereus|IMG_20260112_164129,Bacillus cereus,IMG_20260112_164129,train,6,Bacillus cereus,Bacillus cereus,True,0.9959065318107605,Bacillus piscis,0.0005236102151684463,Staphylococcus taiwanensis,0.0004062495718244463,0.9953829050064087,0.040574971586465836
oof,Bacillus cereus|IMG_20260112_164131,Bacillus cereus,IMG_20260112_164131,train,8,Bacillus cereus,Bacillus cereus,True,0.9070483446121216,Bacillus aerius,0.03184591606259346,Bacillus piscis,0.017289582639932632,0.8752024173736572,0.5515189170837402
oof,Bacillus cereus|IMG_20260112_164133,Bacillus cereus,IMG_20260112_164133,train,7,Bacillus cereus,Bacillus cereus,True,0.8912211656570435,Priestia megaterium,0.0174212995916605,Enterobacter quasihormaechei,0.006220802199095488,0.8737998604774475,0.7100112438201904
oof,Bacillus cereus|IMG_20260112_164134,Bacillus cereus,IMG_20260112_164134,train,7,Bacillus cereus,Bacillus cereus,True,0.9715386033058167,Bacillus piscis,0.004954606294631958,Aureobasidium melanogenum,0.0034067449159920216,0.9665839672088623,0.22089609503746033
oof,Bacillus cereus|IMG_20260112_164443,Bacillus cereus,IMG_20260112_164443,train,6,Bacillus cereus,Bacillus cereus,True,0.8709157109260559,Aureobasidium melanogenum,0.041463933885097504,Bacillus piscis,0.038741711527109146,0.8294517993927002,0.6910613179206848
oof,Bacillus cereus|IMG_20260112_164446,Bacillus cereus,IMG_20260112_164446,train,6,Bacillus cereus,Bacillus cereus,True,0.9346659779548645,Bacillus piscis,0.013641600497066975,Bacillus pumilus,0.008801301009953022,0.9210243821144104,0.4445447623729706
oof,Bacillus cereus|IMG_20260112_164454,Bacillus cereus,IMG_20260112_164454,train,6,Bacillus cereus,Bacillus cereus,True,0.7922884821891785,Bacillus piscis,0.06968672573566437,Aureobasidium melanogenum,0.036458369344472885,0.7226017713546753,1.0251299142837524
oof,Bacillus cereus|IMG_20260112_164457,Bacillus cereus,IMG_20260112_164457,train,9,Bacillus cereus,Bacillus cereus,True,0.8981593251228333,Bacillus piscis,0.013157989829778671,Staphylococcus ureilyticu,0.010037343949079514,0.8850013613700867,0.669894814491272
oof,Bacillus cereus|IMG_20260112_164507,Bacillus cereus,IMG_20260112_164507,train,6,Bacillus cereus,Bacillus cereus,True,0.8757851123809814,Bacillus piscis,0.07103437185287476,Aureobasidium melanogenum,0.016943123191595078,0.8047507405281067,0.6143272519111633
oof,Bacillus cereus|IMG_20260112_164510,Bacillus cereus,IMG_20260112_164510,train,5,Bacillus cereus,Bacillus cereus,True,0.8101506233215332,Brevundimonas huaxiensis,0.0427052341401577,Stenotrophomonas maltophilia,0.010459862649440765,0.7674453854560852,1.1100341081619263
oof,Bacillus cereus|IMG_20260112_164513,Bacillus cereus,IMG_20260112_164513,train,4,Bacillus cereus,Bacillus cereus,True,0.5691313743591309,Bacillus piscis,0.07675422728061676,Bacillus pumilus,0.04374944418668747,0.4923771619796753,2.0569064617156982
oof,Bacillus cereus|IMG_20260112_164526,Bacillus cereus,IMG_20260112_164526,train,10,Bacillus cereus,Bacillus cereus,True,0.7922438979148865,Bacillus piscis,0.03843119367957115,Bacillus pumilus,0.015407056547701359,0.7538127303123474,1.2030999660491943
oof,Bacillus cereus|IMG_20260112_164527,Bacillus cereus,IMG_20260112_164527,train,7,Bacillus cereus,Bacillus cereus,True,0.8786362409591675,Staphylococcus capitis,0.017352428287267685,Bacillus pumilus,0.01101909764111042,0.8612838387489319,0.7677035927772522
oof,Bacillus haynesii|IMG_20260109_133428,Bacillus haynesii,IMG_20260109_133428,train,12,Bacillus haynesii,Bacillus haynesii,True,0.5691419243812561,Stenotrophomonas maltophilia,0.05573422834277153,Bacillus subtilis,0.05268753692507744,0.5134077072143555,2.051551103591919
oof,Bacillus haynesii|IMG_20260109_133447,Bacillus haynesii,IMG_20260109_133447,train,12,Bacillus haynesii,Bacillus haynesii,True,0.733051061630249,Priestia megaterium,0.041856978088617325,Bacillus subtilis,0.02491713874042034,0.6911940574645996,1.4359092712402344
oof,Bacillus haynesii|IMG_20260109_133449,Bacillus haynesii,IMG_20260109_133449,train,12,Bacillus haynesii,Bacillus haynesii,True,0.5363648533821106,Bacillus manliponensis,0.10413181036710739,Bacillus thuringiensis,0.05095627158880234,0.4322330355644226,2.073824644088745
oof,Bacillus haynesii|IMG_20260109_133453,Bacillus haynesii,IMG_20260109_133453,train,12,Bacillus haynesii,Bacillus haynesii,True,0.8819139003753662,Brevibacillus agri,0.014992140233516693,Bacillus subtilis,0.010246573016047478,0.8669217824935913,0.748249888420105
oof,Bacillus haynesii|IMG_20260109_133500,Bacillus haynesii,IMG_20260109_133500,train,12,Bacillus haynesii,Bacillus haynesii,True,0.650701642036438,Bacillus subtilis,0.04755806550383568,Brevibacillus agri,0.04568353295326233,0.603143572807312,1.7430362701416016
oof,Bacillus haynesii|IMG_20260109_133520,Bacillus haynesii,IMG_20260109_133520,train,11,Bacillus haynesii,Bacillus haynesii,True,0.7499846816062927,Bacillus manliponensis,0.067484550178051,Bacillus pumilus,0.03867572546005249,0.6825001239776611,1.2750340700149536
oof,Bacillus infantis|IMG_20260107_154148,Bacillus infantis,IMG_20260107_154148,train,7,Bacillus infantis,Bacillus infantis,True,0.4991156756877899,Acinetobacter seifertii,0.058725085109472275,Bacillus manliponensis,0.057694774121046066,0.44039058685302734,2.3521437644958496
oof,Bacillus infantis|IMG_20260107_154211,Bacillus infantis,IMG_20260107_154211,train,7,Bacillus infantis,Bacillus infantis,True,0.8319057822227478,Staphylococcus cohnii,0.016094159334897995,Aureobasidium melanogenum,0.014498908072710037,0.8158116340637207,1.0324705839157104
oof,Bacillus infantis|IMG_20260107_154219,Bacillus infantis,IMG_20260107_154219,train,7,Bacillus infantis,Bacillus infantis,True,0.9005032777786255,Priestia megaterium,0.022200729697942734,Acinetobacter seifertii,0.007253244053572416,0.8783025741577148,0.6430872678756714
oof,Bacillus infantis|IMG_20260107_154229,Bacillus infantis,IMG_20260107_154229,train,10,Bacillus infantis,Bacillus infantis,True,0.7066654562950134,Bacillus subtilis,0.08921422809362411,Brevibacillus agri,0.02577843889594078,0.6174512505531311,1.49239981174469
oof,Bacillus infantis|IMG_20260107_154241,Bacillus infantis,IMG_20260107_154241,train,7,Bacillus infantis,Bacillus infantis,True,0.8101922273635864,Brevibacillus agri,0.02072184346616268,Chryseobacterium hagamense,0.016772350296378136,0.789470374584198,1.129380702972412
oof,Bacillus infantis|IMG_20260107_154253,Bacillus infantis,IMG_20260107_154253,train,6,Bacillus infantis,Bacillus infantis,True,0.8892990350723267,Bacillus piscis,0.017495710402727127,Brevundimonas huaxiensis,0.015280556865036488,0.871803343296051,0.6950922608375549
oof,Bacillus infantis|IMG_20260107_154321,Bacillus infantis,IMG_20260107_154321,train,4,Bacillus infantis,Bacillus infantis,True,0.9191380143165588,Staphylococcus petrasii,0.009519573301076889,Staphylococcus cohnii,0.008497006259858608,0.9096184372901917,0.5437834858894348
oof,Bacillus infantis|IMG_20260107_154323,Bacillus infantis,IMG_20260107_154323,train,5,Bacillus infantis,Bacillus infantis,True,0.6659317016601562,Bacillus haynesii,0.061872564256191254,Brevundimonas huaxiensis,0.030838534235954285,0.6040591597557068,1.7071754932403564
oof,Bacillus infantis|IMG_20260107_154336,Bacillus infantis,IMG_20260107_154336,train,5,Bacillus infantis,Bacillus infantis,True,0.7961560487747192,Serratia marcescens,0.029102539643645287,Acinetobacter seifertii,0.01572250761091709,0.767053484916687,1.2018052339553833
oof,Bacillus infantis|IMG_20260107_154405,Bacillus infantis,IMG_20260107_154405,train,7,Bacillus infantis,Bacillus infantis,True,0.8022553324699402,Staphylococcus roterodami,0.01663876138627529,Brevundimonas huaxiensis,0.0131688816472888,0.7856165766716003,1.195578694343567
oof,Bacillus infantis|IMG_20260107_154411,Bacillus infantis,IMG_20260107_154411,train,6,Bacillus infantis,Bacillus infantis,True,0.7828964591026306,Faucicola osloensis,0.022496119141578674,Enterococcus innesii,0.020193716511130333,0.7604003548622131,1.2735378742218018
oof,Bacillus manliponensis|IMG_20260225_110912,Bacillus manliponensis,IMG_20260225_110912,train,7,Bacillus manliponensis,Bacillus cereus,False,0.2582791745662689,Bacillus cabrialesii,0.17870979011058807,Bacillus manliponensis,0.15326085686683655,0.07956938445568085,2.649799346923828
oof,Bacillus manliponensis|IMG_20260225_110943,Bacillus manliponensis,IMG_20260225_110943,train,7,Bacillus manliponensis,Bacillus manliponensis,True,0.2977866232395172,Pseudescherichia vulneris,0.1412632316350937,Bacillus cabrialesii,0.12537142634391785,0.15652339160442352,2.7498557567596436
oof,Bacillus manliponensis|IMG_20260225_110946,Bacillus manliponensis,IMG_20260225_110946,train,9,Bacillus manliponensis,Bacillus manliponensis,True,0.4572087228298187,Bacillus cereus,0.1856212317943573,Brevundimonas huaxiensis,0.04096042364835739,0.2715874910354614,2.2512576580047607
oof,Bacillus manliponensis|IMG_20260225_110949,Bacillus manliponensis,IMG_20260225_110949,train,8,Bacillus manliponensis,Bacillus manliponensis,True,0.654951810836792,Bacillus subtilis,0.10971355438232422,Bacillus cabrialesii,0.03534521535038948,0.5452382564544678,1.6431529521942139
oof,Bacillus manliponensis|IMG_20260225_110953,Bacillus manliponensis,IMG_20260225_110953,train,9,Bacillus manliponensis,Bacillus manliponensis,True,0.7061673402786255,Bacillus cabrialesii,0.19551491737365723,Faucicola osloensis,0.023255793377757072,0.5106524229049683,1.094335675239563
oof,Bacillus manliponensis|IMG_20260225_110955,Bacillus manliponensis,IMG_20260225_110955,train,9,Bacillus manliponensis,Bacillus manliponensis,True,0.5963998436927795,Pseudescherichia vulneris,0.04612957686185837,Priestia megaterium,0.03570786491036415,0.5502702593803406,2.0292727947235107
oof,Bacillus manliponensis|IMG_20260225_111014,Bacillus manliponensis,IMG_20260225_111014,train,9,Bacillus manliponensis,Bacillus manliponensis,True,0.5602193474769592,Pseudescherichia vulneris,0.11286681890487671,Priestia megaterium,0.08390534669160843,0.4473525285720825,1.8152743577957153
oof,Bacillus manliponensis|IMG_20260225_111032,Bacillus manliponensis,IMG_20260225_111032,train,6,Bacillus manliponensis,Bacillus manliponensis,True,0.8586419224739075,Pseudescherichia vulneris,0.05226011574268341,Priestia megaterium,0.011231675744056702,0.8063818216323853,0.7947532534599304
oof,Bacillus manliponensis|IMG_20260225_111035,Bacillus manliponensis,IMG_20260225_111035,train,10,Bacillus manliponensis,Bacillus manliponensis,True,0.3124973475933075,Arthrobacter gandavensis,0.12360892444849014,Pseudescherichia vulneris,0.08696310222148895,0.18888843059539795,2.7250945568084717
oof,Bacillus manliponensis|IMG_20260225_111041,Bacillus manliponensis,IMG_20260225_111041,train,10,Bacillus manliponensis,Bacillus manliponensis,True,0.38039669394493103,Pseudescherichia vulneris,0.14855624735355377,Bacillus subtilis,0.08887036144733429,0.23184044659137726,2.439033031463623
oof,Bacillus piscis|IMG_20260110_101514,Bacillus piscis,IMG_20260110_101514,train,7,Bacillus piscis,Bacillus piscis,True,0.551572322845459,Bacillus cereus,0.16599701344966888,Bacillus infantis,0.08040760457515717,0.3855752944946289,1.8278552293777466
oof,Bacillus piscis|IMG_20260110_101757,Bacillus piscis,IMG_20260110_101757,train,8,Bacillus piscis,Bacillus piscis,True,0.3666669428348541,Bacillus cereus,0.3374178409576416,Bacillus aerius,0.05443436652421951,0.029249101877212524,1.995843529701233
oof,Bacillus piscis|IMG_20260110_101939,Bacillus piscis,IMG_20260110_101939,train,8,Bacillus piscis,Bacillus piscis,True,0.601246178150177,Arthrobacter gandavensis,0.10487619042396545,Brachybacterium conglomeratum,0.0446915365755558,0.49636998772621155,1.8558213710784912
oof,Bacillus piscis|IMG_20260110_101946,Bacillus piscis,IMG_20260110_101946,train,9,Bacillus piscis,Bacillus piscis,True,0.42517921328544617,Arthrobacter gandavensis,0.10523643344640732,Bacillus cabrialesii,0.06631290167570114,0.31994277238845825,2.5243265628814697
oof,Bacillus piscis|IMG_20260110_101954,Bacillus piscis,IMG_20260110_101954,train,9,Bacillus piscis,Bacillus piscis,True,0.3126084506511688,Bacillus cereus,0.3098858892917633,Bacillus manliponensis,0.03800826892256737,0.0027225613594055176,2.423769474029541
oof,Bacillus piscis|IMG_20260110_102021,Bacillus piscis,IMG_20260110_102021,train,7,Bacillus piscis,Bacillus cereus,False,0.18693862855434418,Bacillus piscis,0.12357457727193832,Bacillus pumilus,0.06979890912771225,0.06336405128240585,3.2292675971984863
oof,Bacillus piscis|IMG_20260110_102041,Bacillus piscis,IMG_20260110_102041,train,11,Bacillus piscis,Bacillus piscis,True,0.14043423533439636,Bacillus cereus,0.10047155618667603,Bacillus pumilus,0.08582718670368195,0.03996267914772034,3.2970447540283203
oof,Bacillus pumilus|IMG_20251230_161751,Bacillus pumilus,IMG_20251230_161751,train,5,Bacillus pumilus,Bacillus pumilus,True,0.5822359919548035,Stenotrophomonas maltophilia,0.06912357360124588,Brachybacterium paraconglomeratum,0.0669594407081604,0.5131124258041382,2.008606195449829
oof,Bacillus pumilus|IMG_20251230_161753,Bacillus pumilus,IMG_20251230_161753,train,5,Bacillus pumilus,Bacillus pumilus,True,0.3499683737754822,Stenotrophomonas pavanii,0.22674641013145447,Stenotrophomonas maltophilia,0.1074848622083664,0.12322196364402771,2.287280321121216
oof,Bacillus pumilus|IMG_20251230_161816,Bacillus pumilus,IMG_20251230_161816,train,12,Bacillus pumilus,Bacillus pumilus,True,0.32294049859046936,Stenotrophomonas pavanii,0.10827501863241196,Brachybacterium paraconglomeratum,0.09894859045743942,0.2146654725074768,2.7435359954833984
oof,Bacillus pumilus|IMG_20251230_161819,Bacillus pumilus,IMG_20251230_161819,train,9,Bacillus pumilus,Bacillus pumilus,True,0.17273086309432983,Stenotrophomonas pavanii,0.16912029683589935,Stenotrophomonas maltophilia,0.1492374688386917,0.003610566258430481,2.9202890396118164
oof,Bacillus pumilus|IMG_20251230_161824,Bacillus pumilus,IMG_20251230_161824,train,10,Bacillus pumilus,Bacillus pumilus,True,0.21046943962574005,Brachybacterium paraconglomeratum,0.10381601750850677,Stenotrophomonas pavanii,0.10142956674098969,0.10665342211723328,2.952270746231079
oof,Bacillus pumilus|IMG_20251230_161833,Bacillus pumilus,IMG_20251230_161833,train,7,Bacillus pumilus,Bacillus pumilus,True,0.34698349237442017,Arthrobacter gandavensis,0.11557312309741974,Stenotrophomonas maltophilia,0.10503071546554565,0.23141036927700043,2.6316022872924805
oof,Bacillus pumilus|IMG_20251230_161835,Bacillus pumilus,IMG_20251230_161835,train,11,Bacillus pumilus,Bacillus pumilus,True,0.38787174224853516,Brevibacillus agri,0.04944586753845215,Staphylococcus ureilyticu,0.04630810394883156,0.338425874710083,2.814004898071289
oof,Bacillus pumilus|IMG_20251230_161840,Bacillus pumilus,IMG_20251230_161840,train,9,Bacillus pumilus,Bacillus pumilus,True,0.6946966052055359,Bacillus thuringiensis,0.035413406789302826,Bacillus haynesii,0.024628881365060806,0.6592832207679749,1.6686652898788452
oof,Bacillus pumilus|IMG_20251230_161842,Bacillus pumilus,IMG_20251230_161842,train,9,Bacillus pumilus,Bacillus pumilus,True,0.6293413043022156,Bacillus manliponensis,0.0321539081633091,Bacillus haynesii,0.029613852500915527,0.5971873998641968,1.9567233324050903
oof,Bacillus pumilus|IMG_20251230_161845,Bacillus pumilus,IMG_20251230_161845,train,9,Bacillus pumilus,Bacillus pumilus,True,0.6150464415550232,Pseudescherichia vulneris,0.05354553833603859,Bacillus cereus,0.03964346647262573,0.5615009069442749,1.9213639497756958
oof,Bacillus pumilus|IMG_20251230_161851,Bacillus pumilus,IMG_20251230_161851,train,9,Bacillus pumilus,Bacillus pumilus,True,0.5142056345939636,Staphylococcus taiwanensis,0.09437838196754456,Bacillus manliponensis,0.05383465439081192,0.41982725262641907,2.2585389614105225
oof,Bacillus pumilus|IMG_20251230_161853,Bacillus pumilus,IMG_20251230_161853,train,9,Bacillus pumilus,Bacillus pumilus,True,0.4234369695186615,Brevundimonas huaxiensis,0.09535415470600128,Bacillus cereus,0.04767029732465744,0.328082799911499,2.593031406402588
oof,Bacillus pumilus|IMG_20251230_161901,Bacillus pumilus,IMG_20251230_161901,train,12,Bacillus pumilus,Bacillus pumilus,True,0.39466801285743713,Kocuria rhizophila,0.06426215171813965,Bacillus manliponensis,0.05513988062739372,0.3304058611392975,2.7329299449920654
oof,Bacillus pumilus|IMG_20251230_161911,Bacillus pumilus,IMG_20251230_161911,train,5,Bacillus pumilus,Stenotrophomonas maltophilia,False,0.3032344877719879,Brachybacterium conglomeratum,0.16662131249904633,Bacillus pumilus,0.07303052395582199,0.1366131752729416,2.770883560180664
oof,Bacillus pumilus|IMG_20251230_161952,Bacillus pumilus,IMG_20251230_161952,train,3,Bacillus pumilus,Bacillus pumilus,True,0.63912433385849,Aureobasidium melanogenum,0.05101319029927254,Bacillus cereus,0.030347414314746857,0.588111162185669,1.8495213985443115
oof,Bacillus pumilus|IMG_20251230_162008,Bacillus pumilus,IMG_20251230_162008,train,6,Bacillus pumilus,Bacillus pumilus,True,0.4113669693470001,Ralstonia pickettii,0.13641874492168427,Enterococcus innesii,0.054053738713264465,0.27494823932647705,2.5429527759552
oof,Bacillus subtilis|IMG_20260225_110513,Bacillus subtilis,IMG_20260225_110513,train,12,Bacillus subtilis,Bacillus subtilis,True,0.8908077478408813,Bacillus thuringiensis,0.05351341515779495,Priestia megaterium,0.011722443625330925,0.837294340133667,0.5930015444755554
oof,Bacillus subtilis|IMG_20260225_110517,Bacillus subtilis,IMG_20260225_110517,train,12,Bacillus subtilis,Bacillus subtilis,True,0.8236332535743713,Brevundimonas huaxiensis,0.033446747809648514,Priestia megaterium,0.029675962403416634,0.7901865243911743,0.9918089509010315
oof,Bacillus subtilis|IMG_20260225_110528,Bacillus subtilis,IMG_20260225_110528,train,12,Bacillus subtilis,Bacillus subtilis,True,0.9257556796073914,Serratia marcescens,0.00930469948798418,Bacillus thuringiensis,0.00821360107511282,0.9164509773254395,0.5029107332229614
oof,Bacillus subtilis|IMG_20260225_110531,Bacillus subtilis,IMG_20260225_110531,train,9,Bacillus subtilis,Bacillus subtilis,True,0.5269827246665955,Bacillus thuringiensis,0.14654949307441711,Priestia megaterium,0.08735376596450806,0.38043323159217834,2.0046041011810303
oof,Bacillus subtilis|IMG_20260225_110543,Bacillus subtilis,IMG_20260225_110543,train,11,Bacillus subtilis,Bacillus thuringiensis,False,0.5610721111297607,Bacillus subtilis,0.36341938376426697,Pseudescherichia vulneris,0.007494616322219372,0.19765272736549377,1.143230676651001
oof,Bacillus subtilis|IMG_20260225_110552,Bacillus subtilis,IMG_20260225_110552,train,4,Bacillus subtilis,Bacillus subtilis,True,0.4910332262516022,Bacillus thuringiensis,0.29567623138427734,Brevibacillus agri,0.08427116274833679,0.19535699486732483,1.6096807718276978
oof,Bacillus subtilis|IMG_20260225_110615,Bacillus subtilis,IMG_20260225_110615,train,9,Bacillus subtilis,Bacillus subtilis,True,0.6828248500823975,Priestia megaterium,0.11180240660905838,Bacillus aerius,0.023038439452648163,0.5710224509239197,1.5144188404083252
oof,Bacillus subtilis|IMG_20260225_110621,Bacillus subtilis,IMG_20260225_110621,train,10,Bacillus subtilis,Bacillus subtilis,True,0.9306501746177673,Priestia megaterium,0.04727119579911232,Bacillus thuringiensis,0.003231545677408576,0.8833789825439453,0.36678019165992737
oof,Bacillus subtilis|IMG_20260225_110627,Bacillus subtilis,IMG_20260225_110627,train,12,Bacillus subtilis,Bacillus subtilis,True,0.5751351714134216,Priestia megaterium,0.16910266876220703,Brevundimonas huaxiensis,0.0522761233150959,0.4060325026512146,1.687656283378601
oof,Bacillus subtilis|IMG_20260225_110630,Bacillus subtilis,IMG_20260225_110630,train,10,Bacillus subtilis,Bacillus subtilis,True,0.7402234077453613,Priestia megaterium,0.11683915555477142,Bacillus thuringiensis,0.030034124851226807,0.6233842372894287,1.1869399547576904
oof,Bacillus subtilis|IMG_20260225_110635,Bacillus subtilis,IMG_20260225_110635,train,11,Bacillus subtilis,Bacillus subtilis,True,0.904401957988739,Bacillus thuringiensis,0.015061616897583008,Bacillus manliponensis,0.013375405222177505,0.889340341091156,0.6042340397834778
oof,Bacillus subtilis|IMG_20260225_110638,Bacillus subtilis,IMG_20260225_110638,train,11,Bacillus subtilis,Bacillus subtilis,True,0.8133738040924072,Priestia megaterium,0.04453188553452492,Stenotrophomonas pavanii,0.01596882939338684,0.7688419222831726,1.0580142736434937
oof,Bacillus subtilis|IMG_20260225_110641,Bacillus subtilis,IMG_20260225_110641,train,8,Bacillus subtilis,Bacillus subtilis,True,0.9084593653678894,Priestia megaterium,0.030707495287060738,Serratia marcescens,0.015673644840717316,0.877751886844635,0.5311896800994873
oof,Bacillus subtilis|IMG_20260225_110644,Bacillus subtilis,IMG_20260225_110644,train,7,Bacillus subtilis,Bacillus subtilis,True,0.9825321435928345,Priestia megaterium,0.004417528863996267,Bacillus thuringiensis,0.00416615791618824,0.9781146049499512,0.1364583969116211
oof,Bacillus subtilis|IMG_20260225_110653,Bacillus subtilis,IMG_20260225_110653,train,9,Bacillus subtilis,Bacillus subtilis,True,0.8984814882278442,Priestia megaterium,0.019769420847296715,Bacillus haynesii,0.014876940287649632,0.8787120580673218,0.6483343839645386
oof,Bacillus subtilis|IMG_20260225_110701,Bacillus subtilis,IMG_20260225_110701,train,11,Bacillus subtilis,Bacillus subtilis,True,0.9021191596984863,Kocuria rhizophila,0.02516738511621952,Bacillus haynesii,0.016218923032283783,0.8769517540931702,0.6009647846221924
oof,Bacillus subtilis|IMG_20260225_110704,Bacillus subtilis,IMG_20260225_110704,train,12,Bacillus subtilis,Bacillus subtilis,True,0.9349465370178223,Priestia megaterium,0.01917378604412079,Staphylococcus roterodami,0.009850558824837208,0.9157727360725403,0.4108375906944275
oof,Bacillus subtilis|IMG_20260225_110707,Bacillus subtilis,IMG_20260225_110707,train,12,Bacillus subtilis,Bacillus subtilis,True,0.7793067097663879,Priestia megaterium,0.12964646518230438,Bacillus thuringiensis,0.016269631683826447,0.6496602296829224,0.9565858244895935
oof,Bacillus subtilis|IMG_20260225_110710,Bacillus subtilis,IMG_20260225_110710,train,12,Bacillus subtilis,Bacillus subtilis,True,0.9694448709487915,Priestia megaterium,0.012039833702147007,Bacillus thuringiensis,0.002348414622247219,0.9574050307273865,0.21581627428531647
oof,Bacillus subtilis|IMG_20260225_110712,Bacillus subtilis,IMG_20260225_110712,train,12,Bacillus subtilis,Bacillus subtilis,True,0.9447874426841736,Bacillus thuringiensis,0.0138712078332901,Priestia megaterium,0.010161901824176311,0.9309162497520447,0.36627453565597534
oof,Bacillus subtilis|IMG_20260225_110720,Bacillus subtilis,IMG_20260225_110720,train,12,Bacillus subtilis,Bacillus subtilis,True,0.853617250919342,Brevundimonas huaxiensis,0.022608323022723198,Bacillus thuringiensis,0.019655561074614525,0.8310089111328125,0.8590123057365417
oof,Bacillus subtilis|IMG_20260225_110723,Bacillus subtilis,IMG_20260225_110723,train,12,Bacillus subtilis,Bacillus subtilis,True,0.8920443654060364,Stenotrophomonas pavanii,0.018931018188595772,Brevundimonas huaxiensis,0.017729809507727623,0.8731133341789246,0.6662856340408325
oof,Bacillus thuringiensis|IMG_20260227_112601,Bacillus thuringiensis,IMG_20260227_112601,train,4,Bacillus thuringiensis,Bacillus subtilis,False,0.4499494731426239,Bacillus thuringiensis,0.28954318165779114,Pseudescherichia vulneris,0.06034284830093384,0.16040629148483276,1.878395676612854
oof,Bacillus thuringiensis|IMG_20260227_112605,Bacillus thuringiensis,IMG_20260227_112605,train,4,Bacillus thuringiensis,Bacillus thuringiensis,True,0.6562352776527405,Bacillus subtilis,0.1323218047618866,Bacillus infantis,0.04095562547445297,0.5239135026931763,1.5329629182815552
oof,Bacillus thuringiensis|IMG_20260227_112609,Bacillus thuringiensis,IMG_20260227_112609,train,5,Bacillus thuringiensis,Bacillus thuringiensis,True,0.6569108963012695,Bacillus subtilis,0.06651154905557632,Bacillus pumilus,0.02553609013557434,0.5903993248939514,1.756833553314209
oof,Bacillus thuringiensis|IMG_20260227_112612,Bacillus thuringiensis,IMG_20260227_112612,train,4,Bacillus thuringiensis,Bacillus subtilis,False,0.4895860552787781,Stenotrophomonas pavanii,0.07484840601682663,Bacillus thuringiensis,0.051401712000370026,0.41473764181137085,2.3433337211608887
oof,Bacillus thuringiensis|IMG_20260227_112624,Bacillus thuringiensis,IMG_20260227_112624,train,11,Bacillus thuringiensis,Bacillus thuringiensis,True,0.45386406779289246,Brevundimonas huaxiensis,0.09267919510602951,Bacillus manliponensis,0.06188230216503143,0.36118486523628235,2.308030605316162
oof,Bacillus thuringiensis|IMG_20260227_112627,Bacillus thuringiensis,IMG_20260227_112627,train,11,Bacillus thuringiensis,Bacillus thuringiensis,True,0.4096745550632477,Staphylococcus roterodami,0.1671259105205536,Bacillus subtilis,0.10758834332227707,0.2425486445426941,2.280949831008911
oof,Bacillus thuringiensis|IMG_20260227_112630,Bacillus thuringiensis,IMG_20260227_112630,train,9,Bacillus thuringiensis,Bacillus thuringiensis,True,0.5902305841445923,Bacillus subtilis,0.15700405836105347,Bacillus haynesii,0.04884275048971176,0.4332265257835388,1.7407320737838745
oof,Bacillus thuringiensis|IMG_20260227_112632,Bacillus thuringiensis,IMG_20260227_112632,train,12,Bacillus thuringiensis,Bacillus thuringiensis,True,0.5872878432273865,Bacillus subtilis,0.08538089692592621,Brevundimonas huaxiensis,0.06906592100858688,0.5019069314002991,1.9167064428329468
oof,Brachybacterium conglomeratum|IMG_20251226_152936,Brachybacterium conglomeratum,IMG_20251226_152936,train,12,Brachybacterium conglomeratum,Brachybacterium conglomeratum,True,0.7701146006584167,Arthrobacter gandavensis,0.015563970431685448,Staphylococcus ureilyticu,0.015323719009757042,0.7545506358146667,1.3391517400741577
oof,Brachybacterium conglomeratum|IMG_20251226_152943,Brachybacterium conglomeratum,IMG_20251226_152943,train,12,Brachybacterium conglomeratum,Brachybacterium conglomeratum,True,0.7254576683044434,Arthrobacter gandavensis,0.10557126998901367,Micrococcus yunnanensis,0.02589002437889576,0.6198863983154297,1.3086812496185303
oof,Brachybacterium conglomeratum|IMG_20251226_152954,Brachybacterium conglomeratum,IMG_20251226_152954,train,12,Brachybacterium conglomeratum,Brachybacterium conglomeratum,True,0.7164342403411865,Chryseobacterium indologenes,0.06531666964292526,Brachybacterium paraconglomeratum,0.02444414608180523,0.6511175632476807,1.504367470741272
oof,Brachybacterium conglomeratum|IMG_20251226_153010,Brachybacterium conglomeratum,IMG_20251226_153010,train,12,Brachybacterium conglomeratum,Brachybacterium conglomeratum,True,0.4649490714073181,Chryseobacterium indologenes,0.07718971371650696,Brachybacterium paraconglomeratum,0.04563361778855324,0.38775935769081116,2.4883673191070557
oof,Brachybacterium conglomeratum|IMG_20251226_153109,Brachybacterium conglomeratum,IMG_20251226_153109,train,12,Brachybacterium conglomeratum,Brachybacterium conglomeratum,True,0.5389442443847656,Stenotrophomonas maltophilia,0.045609645545482635,Chryseobacterium hagamense,0.04519651085138321,0.4933345913887024,2.245229721069336
oof,Brachybacterium conglomeratum|IMG_20251226_153118,Brachybacterium conglomeratum,IMG_20251226_153118,train,12,Brachybacterium conglomeratum,Brachybacterium conglomeratum,True,0.7283303737640381,Kocuria rhizophila,0.06297168880701065,Bacillus pumilus,0.039440713822841644,0.6653586626052856,1.4175587892532349
oof,Brachybacterium conglomeratum|IMG_20251226_153143,Brachybacterium conglomeratum,IMG_20251226_153143,train,12,Brachybacterium conglomeratum,Brachybacterium conglomeratum,True,0.8149685263633728,Micrococcus yunnanensis,0.07274255901575089,Brachybacterium paraconglomeratum,0.038459617644548416,0.7422259449958801,0.931006669998169
oof,Brachybacterium conglomeratum|IMG_20251226_153145,Brachybacterium conglomeratum,IMG_20251226_153145,train,12,Brachybacterium conglomeratum,Brachybacterium conglomeratum,True,0.8207765817642212,Micrococcus yunnanensis,0.05535260587930679,Ralstonia pickettii,0.032242584973573685,0.7654239535331726,0.9536330103874207
oof,Brachybacterium conglomeratum|IMG_20251226_153147,Brachybacterium conglomeratum,IMG_20251226_153147,train,12,Brachybacterium conglomeratum,Brachybacterium conglomeratum,True,0.7937647104263306,Micrococcus yunnanensis,0.03277815878391266,Stenotrophomonas maltophilia,0.018794283270835876,0.7609865665435791,1.165496826171875
oof,Brachybacterium conglomeratum|IMG_20251226_153242,Brachybacterium conglomeratum,IMG_20251226_153242,train,11,Brachybacterium conglomeratum,Brachybacterium conglomeratum,True,0.5257015228271484,Bacillus piscis,0.10368068516254425,Micrococcus yunnanensis,0.0876644179224968,0.4220208525657654,2.1015238761901855
oof,Brachybacterium paraconglomeratum|IMG_20251229_164809,Brachybacterium paraconglomeratum,IMG_20251229_164809,train,11,Brachybacterium paraconglomeratum,Brachybacterium paraconglomeratum,True,0.47642162442207336,Enterobacter quasihormaechei,0.13072945177555084,Micrococcus yunnanensis,0.05970434099435806,0.34569215774536133,2.2945125102996826
oof,Brachybacterium paraconglomeratum|IMG_20251229_164815,Brachybacterium paraconglomeratum,IMG_20251229_164815,train,12,Brachybacterium paraconglomeratum,Brachybacterium paraconglomeratum,True,0.4870591461658478,Pseudescherichia vulneris,0.09384236484766006,Enterobacter quasihormaechei,0.04497377946972847,0.3932167887687683,2.3630614280700684
oof,Brachybacterium paraconglomeratum|IMG_20251229_164816,Brachybacterium paraconglomeratum,IMG_20251229_164816,train,12,Brachybacterium paraconglomeratum,Brachybacterium paraconglomeratum,True,0.5882293581962585,Enterobacter quasihormaechei,0.07840090245008469,Pseudescherichia vulneris,0.042951300740242004,0.5098284482955933,1.9808727502822876
oof,Brachybacterium paraconglomeratum|IMG_20251229_164835,Brachybacterium paraconglomeratum,IMG_20251229_164835,train,12,Brachybacterium paraconglomeratum,Brachybacterium paraconglomeratum,True,0.7409862875938416,Enterobacter quasihormaechei,0.03476822003722191,Pantoea ananatis,0.029405811801552773,0.7062180638313293,1.4370076656341553
oof,Brachybacterium paraconglomeratum|IMG_20251229_164910,Brachybacterium paraconglomeratum,IMG_20251229_164910,train,12,Brachybacterium paraconglomeratum,Brachybacterium paraconglomeratum,True,0.6746754050254822,Micrococcus yunnanensis,0.06019197776913643,Aureobasidium melanogenum,0.027107752859592438,0.6144834160804749,1.6892943382263184
oof,Brachybacterium paraconglomeratum|IMG_20251229_164923,Brachybacterium paraconglomeratum,IMG_20251229_164923,train,11,Brachybacterium paraconglomeratum,Brachybacterium paraconglomeratum,True,0.9483140110969543,Arthrobacter gandavensis,0.00946386530995369,Micrococcus yunnanensis,0.004252434708178043,0.9388501644134521,0.3716149926185608
oof,Brachybacterium paraconglomeratum|IMG_20251229_164933,Brachybacterium paraconglomeratum,IMG_20251229_164933,train,9,Brachybacterium paraconglomeratum,Brachybacterium paraconglomeratum,True,0.8547176122665405,Micrococcus yunnanensis,0.044398803263902664,Enterobacter quasihormaechei,0.026086844503879547,0.8103188276290894,0.8057200908660889
oof,Brachybacterium paraconglomeratum|IMG_20251229_165013,Brachybacterium paraconglomeratum,IMG_20251229_165013,train,10,Brachybacterium paraconglomeratum,Brachybacterium paraconglomeratum,True,0.7861042022705078,Staphylococcus roterodami,0.03731945529580116,Staphylococcus taiwanensis,0.027390919625759125,0.7487847208976746,1.1946996450424194
oof,Brachybacterium paraconglomeratum|IMG_20251229_165022,Brachybacterium paraconglomeratum,IMG_20251229_165022,train,11,Brachybacterium paraconglomeratum,Brachybacterium paraconglomeratum,True,0.8932138681411743,Enterobacter quasihormaechei,0.025849642232060432,Arthrobacter gandavensis,0.007344015873968601,0.867364227771759,0.669514536857605
oof,Brachybacterium paraconglomeratum|IMG_20251229_165030,Brachybacterium paraconglomeratum,IMG_20251229_165030,train,8,Brachybacterium paraconglomeratum,Brachybacterium paraconglomeratum,True,0.7306790947914124,Pantoea ananatis,0.19609129428863525,Chryseobacterium indologenes,0.024096207693219185,0.5345878005027771,0.9489973783493042
oof,Brachybacterium paraconglomeratum|IMG_20251229_165032,Brachybacterium paraconglomeratum,IMG_20251229_165032,train,6,Brachybacterium paraconglomeratum,Brachybacterium paraconglomeratum,True,0.7750698924064636,Chryseobacterium indologenes,0.10518486052751541,Pantoea ananatis,0.04481048882007599,0.6698850393295288,1.012903094291687
oof,Brachybacterium paraconglomeratum|IMG_20251229_165033,Brachybacterium paraconglomeratum,IMG_20251229_165033,train,4,Brachybacterium paraconglomeratum,Brachybacterium paraconglomeratum,True,0.882454514503479,Chryseobacterium indologenes,0.03866863250732422,Priestia megaterium,0.008648322895169258,0.8437858819961548,0.6964774131774902
oof,Brachybacterium paraconglomeratum|IMG_20251229_165039,Brachybacterium paraconglomeratum,IMG_20251229_165039,train,9,Brachybacterium paraconglomeratum,Brachybacterium paraconglomeratum,True,0.796610951423645,Arthrobacter gandavensis,0.04726080223917961,Brevibacillus agri,0.034297700971364975,0.7493501305580139,1.107377529144287
oof,Brachybacterium paraconglomeratum|IMG_20251229_165048,Brachybacterium paraconglomeratum,IMG_20251229_165048,train,12,Brachybacterium paraconglomeratum,Brachybacterium paraconglomeratum,True,0.8045271039009094,Enterobacter quasihormaechei,0.02699834480881691,Pantoea ananatis,0.01807262748479843,0.7775287628173828,1.1341540813446045
oof,Brachybacterium paraconglomeratum|IMG_20251229_165050,Brachybacterium paraconglomeratum,IMG_20251229_165050,train,12,Brachybacterium paraconglomeratum,Brachybacterium paraconglomeratum,True,0.9186928272247314,Pantoea ananatis,0.016318755224347115,Enterobacter quasihormaechei,0.011130117811262608,0.9023740887641907,0.5344480872154236
oof,Brachybacterium paraconglomeratum|IMG_20251229_165053,Brachybacterium paraconglomeratum,IMG_20251229_165053,train,12,Brachybacterium paraconglomeratum,Brachybacterium paraconglomeratum,True,0.9315735101699829,Stenotrophomonas maltophilia,0.020925607532262802,Arthrobacter gandavensis,0.005739046726375818,0.9106479287147522,0.44621285796165466
oof,Brachybacterium paraconglomeratum|IMG_20251229_165056,Brachybacterium paraconglomeratum,IMG_20251229_165056,train,11,Brachybacterium paraconglomeratum,Brachybacterium paraconglomeratum,True,0.8648259043693542,Enterobacter quasihormaechei,0.0396139919757843,Acinetobacter seifertii,0.0319330096244812,0.8252118825912476,0.7454930543899536
oof,Brachybacterium paraconglomeratum|IMG_20251229_165057,Brachybacterium paraconglomeratum,IMG_20251229_165057,train,11,Brachybacterium paraconglomeratum,Brachybacterium paraconglomeratum,True,0.83137446641922,Pantoea ananatis,0.05832203850150108,Stenotrophomonas maltophilia,0.02518078126013279,0.773052453994751,0.9117492437362671
oof,Brachybacterium paraconglomeratum|IMG_20251229_165059,Brachybacterium paraconglomeratum,IMG_20251229_165059,train,9,Brachybacterium paraconglomeratum,Brachybacterium paraconglomeratum,True,0.756126344203949,Pantoea ananatis,0.15933583676815033,Stenotrophomonas maltophilia,0.014141419902443886,0.5967904925346375,0.9914687871932983
oof,Brachybacterium paraconglomeratum|IMG_20251229_165104,Brachybacterium paraconglomeratum,IMG_20251229_165104,train,9,Brachybacterium paraconglomeratum,Brachybacterium paraconglomeratum,True,0.7586047649383545,Pseudescherichia vulneris,0.032152190804481506,Pantoea ananatis,0.023578662425279617,0.7264525890350342,1.3520246744155884
oof,Brevibacillus agri|IMG_20260114_162039,Brevibacillus agri,IMG_20260114_162039,train,6,Brevibacillus agri,Brevibacillus agri,True,0.500749945640564,Bacillus aerius,0.04700445756316185,Bacillus haynesii,0.04653368517756462,0.4537454843521118,2.354860305786133
oof,Brevibacillus agri|IMG_20260114_162042,Brevibacillus agri,IMG_20260114_162042,train,3,Brevibacillus agri,Stenotrophomonas maltophilia,False,0.14325731992721558,Pseudescherichia vulneris,0.10475782305002213,Faucicola osloensis,0.10405393689870834,0.03849949687719345,3.205596446990967
oof,Brevibacillus agri|IMG_20260114_162048,Brevibacillus agri,IMG_20260114_162048,train,3,Brevibacillus agri,Brevibacillus agri,True,0.46940305829048157,Pseudescherichia vulneris,0.12244953960180283,Ralstonia pickettii,0.052069034427404404,0.34695351123809814,2.3275139331817627
oof,Brevibacillus agri|IMG_20260114_162057,Brevibacillus agri,IMG_20260114_162057,train,7,Brevibacillus agri,Brevibacillus agri,True,0.5579714775085449,Pantoea ananatis,0.08184708654880524,Pseudescherichia vulneris,0.0514226034283638,0.4761244058609009,2.148402452468872
oof,Brevibacillus agri|IMG_20260114_162059,Brevibacillus agri,IMG_20260114_162059,train,6,Brevibacillus agri,Brevibacillus agri,True,0.7124420404434204,Pseudescherichia vulneris,0.032021064311265945,Arthrobacter gandavensis,0.020886678248643875,0.680420994758606,1.6071733236312866
oof,Brevibacillus agri|IMG_20260114_162101,Brevibacillus agri,IMG_20260114_162101,train,9,Brevibacillus agri,Brevibacillus agri,True,0.542384922504425,Stenotrophomonas maltophilia,0.08127948641777039,Ralstonia pickettii,0.058096081018447876,0.46110543608665466,2.1848063468933105
oof,Brevibacillus agri|IMG_20260114_162103,Brevibacillus agri,IMG_20260114_162103,train,5,Brevibacillus agri,Brevibacillus agri,True,0.5397597551345825,Stenotrophomonas pavanii,0.08374020457267761,Pseudescherichia vulneris,0.07061131298542023,0.4560195505619049,2.114501476287842
oof,Brevibacillus agri|IMG_20260114_162106,Brevibacillus agri,IMG_20260114_162106,train,5,Brevibacillus agri,Brevibacillus agri,True,0.7996875643730164,Stenotrophomonas maltophilia,0.04404441639780998,Pantoea ananatis,0.016523871570825577,0.7556431293487549,1.129773497581482
oof,Brevibacillus agri|IMG_20260114_162107,Brevibacillus agri,IMG_20260114_162107,train,5,Brevibacillus agri,Brevibacillus agri,True,0.615462601184845,Pseudescherichia vulneris,0.0442105233669281,Stenotrophomonas maltophilia,0.04212376847863197,0.5712521076202393,1.9448158740997314
oof,Brevibacillus agri|IMG_20260114_162111,Brevibacillus agri,IMG_20260114_162111,train,4,Brevibacillus agri,Brevibacillus agri,True,0.9318531155586243,Stenotrophomonas maltophilia,0.0070300414226949215,Arthrobacter gandavensis,0.005003729835152626,0.9248230457305908,0.4849015176296234
oof,Brevibacillus agri|IMG_20260114_162112,Brevibacillus agri,IMG_20260114_162112,train,3,Brevibacillus agri,Brevibacillus agri,True,0.6198968291282654,Enterobacter quasihormaechei,0.06438256055116653,Stenotrophomonas maltophilia,0.06294319778680801,0.5555142760276794,1.780565857887268
oof,Brevibacillus agri|IMG_20260114_162130,Brevibacillus agri,IMG_20260114_162130,train,11,Brevibacillus agri,Brevibacillus agri,True,0.4727705121040344,Stenotrophomonas pavanii,0.09074610471725464,Bacillus aerius,0.06234070658683777,0.3820244073867798,2.3856496810913086
oof,Brevibacillus agri|IMG_20260114_162159,Brevibacillus agri,IMG_20260114_162159,train,5,Brevibacillus agri,Brevibacillus agri,True,0.24340446293354034,Bacillus aerius,0.14084641635417938,Staphylococcus roterodami,0.11648402363061905,0.10255804657936096,2.688704252243042
oof,Brevibacillus agri|IMG_20260114_162202,Brevibacillus agri,IMG_20260114_162202,train,6,Brevibacillus agri,Brevibacillus agri,True,0.3996371030807495,Bacillus subtilis,0.12466144561767578,Stenotrophomonas pavanii,0.08661189675331116,0.27497565746307373,2.4502854347229004
oof,Brevibacillus agri|IMG_20260114_162210,Brevibacillus agri,IMG_20260114_162210,train,8,Brevibacillus agri,Brevibacillus agri,True,0.29676443338394165,Priestia megaterium,0.15112465620040894,Bacillus subtilis,0.05704706534743309,0.14563977718353271,2.8459837436676025
oof,Brevibacillus agri|IMG_20260114_162212,Brevibacillus agri,IMG_20260114_162212,train,6,Brevibacillus agri,Brevibacillus agri,True,0.5409915447235107,Bacillus pumilus,0.05643879249691963,Bacillus infantis,0.04835957661271095,0.4845527410507202,2.206698417663574
oof,Brevibacillus agri|IMG_20260114_162213,Brevibacillus agri,IMG_20260114_162213,train,5,Brevibacillus agri,Brevibacillus agri,True,0.6085207462310791,Bacillus aerius,0.05253208428621292,Brevundimonas huaxiensis,0.04294588416814804,0.5559886693954468,1.9209567308425903
oof,Brevibacillus agri|IMG_20260114_162217,Brevibacillus agri,IMG_20260114_162217,train,3,Brevibacillus agri,Brevibacillus agri,True,0.48782530426979065,Bacillus cereus,0.1270628124475479,Stenotrophomonas maltophilia,0.08181238919496536,0.36076247692108154,2.0859110355377197
oof,Brevibacillus agri|IMG_20260114_162219,Brevibacillus agri,IMG_20260114_162219,train,3,Brevibacillus agri,Brevibacillus agri,True,0.890787661075592,Pantoea ananatis,0.03737349808216095,Stenotrophomonas maltophilia,0.026357250288128853,0.8534141778945923,0.6076517105102539
oof,Brevibacillus agri|IMG_20260114_162222,Brevibacillus agri,IMG_20260114_162222,train,4,Brevibacillus agri,Brevibacillus agri,True,0.7417797446250916,Brevundimonas huaxiensis,0.03952793776988983,Bacillus haynesii,0.030075062066316605,0.7022517919540405,1.3865225315093994
oof,Brevibacillus agri|IMG_20260114_162223,Brevibacillus agri,IMG_20260114_162223,train,4,Brevibacillus agri,Brevibacillus agri,True,0.573432981967926,Priestia megaterium,0.1392066925764084,Bacillus manliponensis,0.06815694272518158,0.43422627449035645,1.817966103553772
oof,Brevibacillus agri|IMG_20260114_162230,Brevibacillus agri,IMG_20260114_162230,train,3,Brevibacillus agri,Brevibacillus agri,True,0.6035240888595581,Bacillus haynesii,0.09435295313596725,Bacillus pumilus,0.04546014592051506,0.5091711282730103,1.885993480682373
oof,Brevundimonas huaxiensis|IMG_20260214_095702,Brevundimonas huaxiensis,IMG_20260214_095702,train,68,Brevundimonas huaxiensis,Brevundimonas huaxiensis,True,0.8973397612571716,Chryseobacterium hagamense,0.021134402602910995,Bacillus subtilis,0.014866210520267487,0.8762053847312927,0.6553635597229004
oof,Brevundimonas huaxiensis|IMG_20260214_095705,Brevundimonas huaxiensis,IMG_20260214_095705,train,69,Brevundimonas huaxiensis,Brevundimonas huaxiensis,True,0.9281441569328308,Chryseobacterium hagamense,0.005497592035681009,Bacillus manliponensis,0.004722494166344404,0.9226465821266174,0.5098837614059448
oof,Brevundimonas huaxiensis|IMG_20260214_095709,Brevundimonas huaxiensis,IMG_20260214_095709,train,77,Brevundimonas huaxiensis,Brevundimonas huaxiensis,True,0.9566572308540344,Bacillus aerius,0.008123086765408516,Bacillus infantis,0.0046506719663739204,0.9485341310501099,0.31766292452812195
oof,Brevundimonas huaxiensis|IMG_20260214_095725,Brevundimonas huaxiensis,IMG_20260214_095725,train,61,Brevundimonas huaxiensis,Brevundimonas huaxiensis,True,0.7739686369895935,Bacillus manliponensis,0.02421599067747593,Bacillus aerius,0.013211670331656933,0.7497526407241821,1.3178690671920776
oof,Brevundimonas huaxiensis|IMG_20260214_095728,Brevundimonas huaxiensis,IMG_20260214_095728,train,40,Brevundimonas huaxiensis,Brevundimonas huaxiensis,True,0.9176019430160522,Serratia marcescens,0.007754105143249035,Priestia megaterium,0.006932797841727734,0.9098478555679321,0.5720605850219727
oof,Brevundimonas huaxiensis|IMG_20260214_095751,Brevundimonas huaxiensis,IMG_20260214_095751,train,55,Brevundimonas huaxiensis,Brevundimonas huaxiensis,True,0.897193193435669,Priestia megaterium,0.011980170384049416,Staphylococcus roterodami,0.01163188274949789,0.8852130174636841,0.6742286086082458
oof,Brevundimonas huaxiensis|IMG_20260214_095805,Brevundimonas huaxiensis,IMG_20260214_095805,train,77,Brevundimonas huaxiensis,Brevundimonas huaxiensis,True,0.8470435738563538,Chryseobacterium mulctrae,0.015590745024383068,Brevibacillus agri,0.009240224957466125,0.8314528465270996,0.9636054635047913
oof,Chryseobacterium hagamense|IMG_20260214_092907,Chryseobacterium hagamense,IMG_20260214_092907,train,3,Chryseobacterium hagamense,Chryseobacterium hagamense,True,0.6601666212081909,Enterococcus innesii,0.2430904656648636,Staphylococcus capitis,0.014259997755289078,0.4170761704444885,1.1626548767089844
oof,Chryseobacterium hagamense|IMG_20260214_092916,Chryseobacterium hagamense,IMG_20260214_092916,train,7,Chryseobacterium hagamense,Chryseobacterium hagamense,True,0.9155855178833008,Ralstonia pickettii,0.024610081687569618,Acinetobacter oryzae,0.009105823934078217,0.8909754157066345,0.5358903408050537
oof,Chryseobacterium hagamense|IMG_20260214_092919,Chryseobacterium hagamense,IMG_20260214_092919,train,11,Chryseobacterium hagamense,Chryseobacterium hagamense,True,0.6639556884765625,Serratia marcescens,0.09618814289569855,Staphylococcus epidermidis,0.028113622218370438,0.5677675604820251,1.628735899925232
oof,Chryseobacterium hagamense|IMG_20260214_092922,Chryseobacterium hagamense,IMG_20260214_092922,train,11,Chryseobacterium hagamense,Chryseobacterium hagamense,True,0.6075891852378845,Acinetobacter oryzae,0.08472057431936264,Brevundimonas huaxiensis,0.06970610469579697,0.5228686332702637,1.8581291437149048
oof,Chryseobacterium hagamense|IMG_20260214_092925,Chryseobacterium hagamense,IMG_20260214_092925,train,7,Chryseobacterium hagamense,Chryseobacterium hagamense,True,0.5958173274993896,Brevundimonas huaxiensis,0.04627525061368942,Chryseobacterium mulctrae,0.04045411944389343,0.5495420694351196,2.024212121963501
oof,Chryseobacterium hagamense|IMG_20260214_093022,Chryseobacterium hagamense,IMG_20260214_093022,train,8,Chryseobacterium hagamense,Chryseobacterium hagamense,True,0.6081860065460205,Staphylococcus epidermidis,0.04719435051083565,Chryseobacterium mulctrae,0.03544473275542259,0.560991644859314,1.9881930351257324
oof,Chryseobacterium hagamense|IMG_20260214_093025,Chryseobacterium hagamense,IMG_20260214_093025,train,9,Chryseobacterium hagamense,Chryseobacterium hagamense,True,0.6466326713562012,Chryseobacterium indologenes,0.051776424050331116,Bacillus cereus,0.04450206086039543,0.5948562622070312,1.7723941802978516
oof,Chryseobacterium hagamense|IMG_20260214_093056,Chryseobacterium hagamense,IMG_20260214_093056,train,9,Chryseobacterium hagamense,Chryseobacterium hagamense,True,0.4321848154067993,Kocuria rhizophila,0.05664613097906113,Enterobacter quasihormaechei,0.04150949791073799,0.3755386769771576,2.631948947906494
oof,Chryseobacterium hagamense|IMG_20260214_093110,Chryseobacterium hagamense,IMG_20260214_093110,train,10,Chryseobacterium hagamense,Chryseobacterium hagamense,True,0.540639340877533,Chryseobacterium mulctrae,0.12217165529727936,Acinetobacter oryzae,0.03594762831926346,0.4184677004814148,2.119030475616455
oof,Chryseobacterium hagamense|IMG_20260214_093125,Chryseobacterium hagamense,IMG_20260214_093125,train,9,Chryseobacterium hagamense,Chryseobacterium hagamense,True,0.8533502817153931,Arthrobacter gandavensis,0.022778071463108063,Serratia marcescens,0.021745378151535988,0.8305721879005432,0.8672253489494324
oof,Chryseobacterium hagamense|IMG_20260214_093141,Chryseobacterium hagamense,IMG_20260214_093141,train,11,Chryseobacterium hagamense,Chryseobacterium hagamense,True,0.7452836632728577,Stenotrophomonas maltophilia,0.05063788965344429,Acinetobacter oryzae,0.04411168396472931,0.6946457624435425,1.3277778625488281
oof,Chryseobacterium hagamense|IMG_20260214_093146,Chryseobacterium hagamense,IMG_20260214_093146,train,9,Chryseobacterium hagamense,Chryseobacterium hagamense,True,0.9608140587806702,Staphylococcus taiwanensis,0.008867070078849792,Staphylococcus epidermidis,0.00268465094268322,0.9519469738006592,0.29175832867622375
oof,Chryseobacterium hagamense|IMG_20260214_093149,Chryseobacterium hagamense,IMG_20260214_093149,train,10,Chryseobacterium hagamense,Chryseobacterium hagamense,True,0.7593149542808533,Brevundimonas huaxiensis,0.1084335669875145,Chryseobacterium mulctrae,0.02085949294269085,0.6508814096450806,1.1571415662765503
oof,Chryseobacterium hagamense|IMG_20260214_093153,Chryseobacterium hagamense,IMG_20260214_093153,train,10,Chryseobacterium hagamense,Chryseobacterium hagamense,True,0.7261748909950256,Chryseobacterium mulctrae,0.06302358210086823,Brevundimonas huaxiensis,0.043771225959062576,0.6631513237953186,1.3992278575897217
oof,Chryseobacterium hagamense|IMG_20260214_093210,Chryseobacterium hagamense,IMG_20260214_093210,train,9,Chryseobacterium hagamense,Chryseobacterium hagamense,True,0.5576524138450623,Enterococcus innesii,0.07211019843816757,Pseudomonas parafulva,0.06395372748374939,0.4855422079563141,2.0838780403137207
oof,Chryseobacterium hagamense|IMG_20260214_093234,Chryseobacterium hagamense,IMG_20260214_093234,train,8,Chryseobacterium hagamense,Chryseobacterium hagamense,True,0.6650829911231995,Chryseobacterium mulctrae,0.08480939269065857,Enterococcus innesii,0.042038168758153915,0.5802736282348633,1.5883638858795166
oof,Chryseobacterium hagamense|IMG_20260214_093237,Chryseobacterium hagamense,IMG_20260214_093237,train,10,Chryseobacterium hagamense,Chryseobacterium hagamense,True,0.9000059366226196,Staphylococcus epidermidis,0.010584159754216671,Acinetobacter oryzae,0.008707474917173386,0.8894217610359192,0.6594797968864441
oof,Chryseobacterium hagamense|IMG_20260214_093241,Chryseobacterium hagamense,IMG_20260214_093241,train,10,Chryseobacterium hagamense,Chryseobacterium hagamense,True,0.8096856474876404,Serratia marcescens,0.023561540991067886,Brevundimonas huaxiensis,0.0196459349244833,0.7861241102218628,1.1343414783477783
oof,Chryseobacterium hagamense|IMG_20260214_093248,Chryseobacterium hagamense,IMG_20260214_093248,train,6,Chryseobacterium hagamense,Chryseobacterium hagamense,True,0.9413994550704956,Chryseobacterium mulctrae,0.0242270790040493,Stenotrophomonas maltophilia,0.002271380741149187,0.917172372341156,0.38585999608039856
oof,Chryseobacterium hagamense|IMG_20260214_093251,Chryseobacterium hagamense,IMG_20260214_093251,train,6,Chryseobacterium hagamense,Chryseobacterium hagamense,True,0.6402744650840759,Brevundimonas huaxiensis,0.1858440488576889,Chryseobacterium mulctrae,0.055327318608760834,0.45443040132522583,1.4170916080474854
oof,Chryseobacterium indologenes|IMG_20251225_133119,Chryseobacterium indologenes,IMG_20251225_133119,train,12,Chryseobacterium indologenes,Chryseobacterium indologenes,True,0.4977687895298004,Micrococcus yunnanensis,0.08264313638210297,Brachybacterium paraconglomeratum,0.0616937130689621,0.41512566804885864,2.2127315998077393
oof,Chryseobacterium indologenes|IMG_20251225_133127,Chryseobacterium indologenes,IMG_20251225_133127,train,12,Chryseobacterium indologenes,Chryseobacterium indologenes,True,0.8158771395683289,Pantoea ananatis,0.07920387387275696,Chryseobacterium hagamense,0.022867931053042412,0.7366732358932495,0.9127822518348694
oof,Chryseobacterium indologenes|IMG_20251225_133138,Chryseobacterium indologenes,IMG_20251225_133138,train,12,Chryseobacterium indologenes,Chryseobacterium indologenes,True,0.8984838128089905,Arthrobacter gandavensis,0.020585229620337486,Pantoea ananatis,0.012590019963681698,0.8778985738754272,0.6253719925880432
oof,Chryseobacterium indologenes|IMG_20251225_133144,Chryseobacterium indologenes,IMG_20251225_133144,train,12,Chryseobacterium indologenes,Chryseobacterium indologenes,True,0.7377514839172363,Brachybacterium paraconglomeratum,0.03654755279421806,Kocuria rhizophila,0.03349914029240608,0.7012039422988892,1.3827787637710571
oof,Chryseobacterium indologenes|IMG_20251225_133227,Chryseobacterium indologenes,IMG_20251225_133227,train,12,Chryseobacterium indologenes,Chryseobacterium indologenes,True,0.8941059708595276,Pantoea ananatis,0.01671411283314228,Brachybacterium conglomeratum,0.014324137009680271,0.8773918747901917,0.6486315727233887
oof,Chryseobacterium indologenes|IMG_20251225_133244,Chryseobacterium indologenes,IMG_20251225_133244,train,12,Chryseobacterium indologenes,Chryseobacterium indologenes,True,0.3669583797454834,Brachybacterium paraconglomeratum,0.1660141944885254,Pantoea ananatis,0.11542423814535141,0.200944185256958,2.1876351833343506
oof,Chryseobacterium indologenes|IMG_20251225_133303,Chryseobacterium indologenes,IMG_20251225_133303,train,12,Chryseobacterium indologenes,Chryseobacterium indologenes,True,0.5718226432800293,Micrococcus yunnanensis,0.12767758965492249,Chryseobacterium mulctrae,0.12658247351646423,0.4441450536251068,1.611694574356079
oof,Chryseobacterium indologenes|IMG_20251225_133434,Chryseobacterium indologenes,IMG_20251225_133434,train,12,Chryseobacterium indologenes,Chryseobacterium indologenes,True,0.6598004698753357,Kocuria rhizophila,0.1162901371717453,Pantoea ananatis,0.04297346621751785,0.5435103178024292,1.5710043907165527
oof,Chryseobacterium indologenes|IMG_20251225_133438,Chryseobacterium indologenes,IMG_20251225_133438,train,12,Chryseobacterium indologenes,Chryseobacterium indologenes,True,0.7377743721008301,Pantoea ananatis,0.0390026830136776,Micrococcus yunnanensis,0.038543734699487686,0.6987717151641846,1.388673186302185
oof,Chryseobacterium indologenes|IMG_20251225_133556,Chryseobacterium indologenes,IMG_20251225_133556,train,11,Chryseobacterium indologenes,Chryseobacterium indologenes,True,0.5181223154067993,Micrococcus yunnanensis,0.10239157825708389,Kocuria rhizophila,0.049292389303445816,0.415730744600296,2.2325875759124756
oof,Chryseobacterium indologenes|IMG_20251225_133601,Chryseobacterium indologenes,IMG_20251225_133601,train,12,Chryseobacterium indologenes,Chryseobacterium indologenes,True,0.30179598927497864,Micrococcus yunnanensis,0.2747659981250763,Brachybacterium paraconglomeratum,0.09214215725660324,0.027029991149902344,2.3550636768341064
oof,Chryseobacterium mulctrae|IMG_20260214_092339,Chryseobacterium mulctrae,IMG_20260214_092339,train,8,Chryseobacterium mulctrae,Chryseobacterium mulctrae,True,0.6185274720191956,Chryseobacterium hagamense,0.06665518134832382,Micrococcus yunnanensis,0.0401577353477478,0.5518723130226135,1.8272202014923096
oof,Chryseobacterium mulctrae|IMG_20260214_092352,Chryseobacterium mulctrae,IMG_20260214_092352,train,9,Chryseobacterium mulctrae,Chryseobacterium mulctrae,True,0.9957765340805054,Pantoea ananatis,0.0009121896582655609,Chryseobacterium indologenes,0.0005321126664057374,0.9948643445968628,0.040139924734830856
oof,Chryseobacterium mulctrae|IMG_20260214_092357,Chryseobacterium mulctrae,IMG_20260214_092357,train,9,Chryseobacterium mulctrae,Chryseobacterium mulctrae,True,0.7792744040489197,Chryseobacterium hagamense,0.10525213927030563,Chryseobacterium indologenes,0.04279448464512825,0.6740222573280334,0.8991107940673828
oof,Chryseobacterium mulctrae|IMG_20260214_092402,Chryseobacterium mulctrae,IMG_20260214_092402,train,9,Chryseobacterium mulctrae,Chryseobacterium mulctrae,True,0.9182049036026001,Chryseobacterium hagamense,0.055532969534397125,Pantoea ananatis,0.005182184278964996,0.8626719117164612,0.41500750184059143
oof,Chryseobacterium mulctrae|IMG_20260214_092430,Chryseobacterium mulctrae,IMG_20260214_092430,train,9,Chryseobacterium mulctrae,Chryseobacterium mulctrae,True,0.9272623658180237,Chryseobacterium hagamense,0.04718168452382088,Chryseobacterium indologenes,0.011443904601037502,0.8800806999206543,0.36442941427230835
oof,Chryseobacterium mulctrae|IMG_20260214_092442,Chryseobacterium mulctrae,IMG_20260214_092442,train,9,Chryseobacterium mulctrae,Chryseobacterium mulctrae,True,0.9931106567382812,Chryseobacterium indologenes,0.0016115602338686585,Chryseobacterium hagamense,0.0007978917565196753,0.991499125957489,0.06271129101514816
oof,Chryseobacterium mulctrae|IMG_20260214_092453,Chryseobacterium mulctrae,IMG_20260214_092453,train,12,Chryseobacterium mulctrae,Chryseobacterium mulctrae,True,0.5992100238800049,Brevundimonas huaxiensis,0.14231425523757935,Chryseobacterium hagamense,0.11383170634508133,0.45689576864242554,1.570850133895874
oof,Chryseobacterium mulctrae|IMG_20260214_092509,Chryseobacterium mulctrae,IMG_20260214_092509,train,8,Chryseobacterium mulctrae,Chryseobacterium mulctrae,True,0.7988668084144592,Pantoea ananatis,0.12485771626234055,Chryseobacterium indologenes,0.04308858886361122,0.6740090847015381,0.773407518863678
oof,Chryseobacterium mulctrae|IMG_20260214_092516,Chryseobacterium mulctrae,IMG_20260214_092516,train,9,Chryseobacterium mulctrae,Chryseobacterium mulctrae,True,0.9411934614181519,Pantoea ananatis,0.02604633755981922,Chryseobacterium indologenes,0.008109497837722301,0.9151471257209778,0.36730846762657166
oof,Chryseobacterium mulctrae|IMG_20260214_092520,Chryseobacterium mulctrae,IMG_20260214_092520,train,9,Chryseobacterium mulctrae,Chryseobacterium mulctrae,True,0.96053546667099,Pantoea ananatis,0.009985149838030338,Pseudescherichia vulneris,0.003760616760700941,0.9505503177642822,0.29062390327453613
oof,Chryseobacterium mulctrae|IMG_20260214_092524,Chryseobacterium mulctrae,IMG_20260214_092524,train,12,Chryseobacterium mulctrae,Chryseobacterium mulctrae,True,0.8171409964561462,Chryseobacterium hagamense,0.0699053555727005,Chryseobacterium indologenes,0.007855783216655254,0.7472356557846069,0.999604344367981
oof,Chryseobacterium mulctrae|IMG_20260214_092528,Chryseobacterium mulctrae,IMG_20260214_092528,train,9,Chryseobacterium mulctrae,Chryseobacterium mulctrae,True,0.9739307761192322,Chryseobacterium hagamense,0.014717767015099525,Pantoea ananatis,0.001727009890601039,0.9592130184173584,0.1751987487077713
oof,Chryseobacterium mulctrae|IMG_20260214_092537,Chryseobacterium mulctrae,IMG_20260214_092537,train,9,Chryseobacterium mulctrae,Chryseobacterium mulctrae,True,0.6726421117782593,Chryseobacterium hagamense,0.21299317479133606,Chryseobacterium indologenes,0.029728224501013756,0.4596489369869232,1.166873574256897
oof,Chryseobacterium mulctrae|IMG_20260214_092607,Chryseobacterium mulctrae,IMG_20260214_092607,train,9,Chryseobacterium mulctrae,Chryseobacterium mulctrae,True,0.9619707465171814,Chryseobacterium hagamense,0.013035225681960583,Chryseobacterium indologenes,0.004095952492207289,0.9489355087280273,0.2678481638431549
oof,Chryseobacterium mulctrae|IMG_20260214_092611,Chryseobacterium mulctrae,IMG_20260214_092611,train,9,Chryseobacterium mulctrae,Chryseobacterium mulctrae,True,0.8147401809692383,Chryseobacterium indologenes,0.054632216691970825,Arthrobacter gandavensis,0.015411850064992905,0.7601079940795898,1.037872552871704
oof,Chryseobacterium mulctrae|IMG_20260214_092615,Chryseobacterium mulctrae,IMG_20260214_092615,train,9,Chryseobacterium mulctrae,Chryseobacterium mulctrae,True,0.6743881702423096,Chryseobacterium hagamense,0.16633455455303192,Chryseobacterium indologenes,0.04131786525249481,0.5080536007881165,1.3457403182983398
oof,Chryseobacterium mulctrae|IMG_20260214_092620,Chryseobacterium mulctrae,IMG_20260214_092620,train,9,Chryseobacterium mulctrae,Chryseobacterium mulctrae,True,0.8010366559028625,Chryseobacterium hagamense,0.09180914610624313,Chryseobacterium indologenes,0.035952359437942505,0.7092275023460388,0.935156524181366
oof,Chryseobacterium mulctrae|IMG_20260214_092623,Chryseobacterium mulctrae,IMG_20260214_092623,train,9,Chryseobacterium mulctrae,Chryseobacterium mulctrae,True,0.6671899557113647,Chryseobacterium hagamense,0.24382704496383667,Chryseobacterium indologenes,0.027887742966413498,0.4233629107475281,1.0931363105773926
oof,Chryseobacterium mulctrae|IMG_20260214_092628,Chryseobacterium mulctrae,IMG_20260214_092628,train,9,Chryseobacterium mulctrae,Chryseobacterium mulctrae,True,0.8569112420082092,Chryseobacterium indologenes,0.059458229690790176,Chryseobacterium hagamense,0.027464862912893295,0.797452986240387,0.7357723712921143
oof,Chryseobacterium mulctrae|IMG_20260214_092633,Chryseobacterium mulctrae,IMG_20260214_092633,train,10,Chryseobacterium mulctrae,Chryseobacterium mulctrae,True,0.8968146443367004,Pantoea ananatis,0.02279703877866268,Chryseobacterium indologenes,0.013639682903885841,0.874017596244812,0.6442047357559204
oof,Enterobacter quasihormaechei|IMG_20251227_105632,Enterobacter quasihormaechei,IMG_20251227_105632,train,10,Enterobacter quasihormaechei,Enterobacter quasihormaechei,True,0.8128551244735718,Brachybacterium paraconglomeratum,0.051130976527929306,Stenotrophomonas maltophilia,0.04618246853351593,0.7617241740226746,0.9648579955101013
oof,Enterobacter quasihormaechei|IMG_20251227_105637,Enterobacter quasihormaechei,IMG_20251227_105637,train,11,Enterobacter quasihormaechei,Enterobacter quasihormaechei,True,0.566442608833313,Staphylococcus epidermidis,0.05776885524392128,Brachybacterium paraconglomeratum,0.039759956300258636,0.5086737275123596,2.1091256141662598
oof,Enterobacter quasihormaechei|IMG_20251227_105640,Enterobacter quasihormaechei,IMG_20251227_105640,train,10,Enterobacter quasihormaechei,Enterobacter quasihormaechei,True,0.5689625144004822,Brevibacillus agri,0.07211761176586151,Staphylococcus taiwanensis,0.07100623100996017,0.4968448877334595,1.9285073280334473
oof,Enterobacter quasihormaechei|IMG_20251227_105646,Enterobacter quasihormaechei,IMG_20251227_105646,train,8,Enterobacter quasihormaechei,Enterobacter quasihormaechei,True,0.6790981888771057,Stenotrophomonas maltophilia,0.0665234848856926,Ralstonia pickettii,0.03680763021111488,0.6125746965408325,1.6338094472885132
oof,Enterobacter quasihormaechei|IMG_20251227_105710,Enterobacter quasihormaechei,IMG_20251227_105710,train,11,Enterobacter quasihormaechei,Enterobacter quasihormaechei,True,0.7306919097900391,Brachybacterium paraconglomeratum,0.0179072767496109,Arthrobacter gandavensis,0.01602850668132305,0.7127846479415894,1.5392383337020874
oof,Enterobacter quasihormaechei|IMG_20251227_105716,Enterobacter quasihormaechei,IMG_20251227_105716,train,8,Enterobacter quasihormaechei,Enterobacter quasihormaechei,True,0.9061297178268433,Brachybacterium paraconglomeratum,0.014595851302146912,Acinetobacter seifertii,0.009853502735495567,0.8915338516235352,0.6114477515220642
oof,Enterobacter quasihormaechei|IMG_20251227_105721,Enterobacter quasihormaechei,IMG_20251227_105721,train,9,Enterobacter quasihormaechei,Enterobacter quasihormaechei,True,0.9410244226455688,Brachybacterium paraconglomeratum,0.007230525836348534,Acinetobacter seifertii,0.005046697799116373,0.9337939023971558,0.4244709610939026
oof,Enterobacter quasihormaechei|IMG_20251227_105743,Enterobacter quasihormaechei,IMG_20251227_105743,train,12,Enterobacter quasihormaechei,Enterobacter quasihormaechei,True,0.8654925227165222,Staphylococcus epidermidis,0.018048258498311043,Brachybacterium paraconglomeratum,0.014460952021181583,0.8474442362785339,0.8311234712600708
oof,Enterobacter quasihormaechei|IMG_20251227_105752,Enterobacter quasihormaechei,IMG_20251227_105752,train,11,Enterobacter quasihormaechei,Enterobacter quasihormaechei,True,0.7146255970001221,Staphylococcus taiwanensis,0.05186346545815468,Staphylococcus epidermidis,0.044524505734443665,0.6627621054649353,1.4370157718658447
oof,Enterobacter quasihormaechei|IMG_20251227_105818,Enterobacter quasihormaechei,IMG_20251227_105818,train,12,Enterobacter quasihormaechei,Enterobacter quasihormaechei,True,0.6544510722160339,Acinetobacter seifertii,0.061455581337213516,Stenotrophomonas maltophilia,0.046429116278886795,0.5929954648017883,1.6985807418823242
oof,Enterobacter quasihormaechei|IMG_20251227_105831,Enterobacter quasihormaechei,IMG_20251227_105831,train,11,Enterobacter quasihormaechei,Enterobacter quasihormaechei,True,0.7920461297035217,Staphylococcus taiwanensis,0.027309805154800415,Brachybacterium paraconglomeratum,0.025769276544451714,0.7647362947463989,1.2092379331588745
oof,Enterobacter quasihormaechei|IMG_20251227_105845,Enterobacter quasihormaechei,IMG_20251227_105845,train,12,Enterobacter quasihormaechei,Enterobacter quasihormaechei,True,0.8216405510902405,Ralstonia pickettii,0.042424704879522324,Acinetobacter seifertii,0.03629380092024803,0.7792158722877502,0.9421592354774475
oof,Enterobacter quasihormaechei|IMG_20251227_105850,Enterobacter quasihormaechei,IMG_20251227_105850,train,12,Enterobacter quasihormaechei,Enterobacter quasihormaechei,True,0.6221795082092285,Brachybacterium paraconglomeratum,0.05026184394955635,Ralstonia pickettii,0.038846250623464584,0.5719176530838013,1.9189447164535522
oof,Enterobacter quasihormaechei|IMG_20251227_105938,Enterobacter quasihormaechei,IMG_20251227_105938,train,5,Enterobacter quasihormaechei,Enterobacter quasihormaechei,True,0.6368628144264221,Acinetobacter seifertii,0.034897882491350174,Enterococcus innesii,0.03260352090001106,0.6019649505615234,1.8889546394348145
oof,Enterobacter quasihormaechei|IMG_20251227_105951,Enterobacter quasihormaechei,IMG_20251227_105951,train,11,Enterobacter quasihormaechei,Enterobacter quasihormaechei,True,0.770169734954834,Ralstonia pickettii,0.023551106452941895,Bacillus pumilus,0.017618553712964058,0.7466186285018921,1.3343887329101562
oof,Enterobacter quasihormaechei|IMG_20251227_110004,Enterobacter quasihormaechei,IMG_20251227_110004,train,9,Enterobacter quasihormaechei,Enterobacter quasihormaechei,True,0.7036364078521729,Arthrobacter gandavensis,0.02812032960355282,Staphylococcus cohnii,0.027103090658783913,0.6755160689353943,1.6157283782958984
oof,Enterobacter quasihormaechei|IMG_20251227_110020,Enterobacter quasihormaechei,IMG_20251227_110020,train,12,Enterobacter quasihormaechei,Enterobacter quasihormaechei,True,0.7185993194580078,Acinetobacter seifertii,0.046677011996507645,Serratia marcescens,0.03421435132622719,0.6719223260879517,1.490509033203125
oof,Enterobacter quasihormaechei|IMG_20251227_110036,Enterobacter quasihormaechei,IMG_20251227_110036,train,11,Enterobacter quasihormaechei,Enterobacter quasihormaechei,True,0.7180684208869934,Acinetobacter seifertii,0.10633409023284912,Chryseobacterium hagamense,0.030827248468995094,0.6117343306541443,1.3495781421661377
oof,Enterobacter quasihormaechei|IMG_20251227_110052,Enterobacter quasihormaechei,IMG_20251227_110052,train,9,Enterobacter quasihormaechei,Enterobacter quasihormaechei,True,0.6801023483276367,Staphylococcus taiwanensis,0.12091843038797379,Chryseobacterium hagamense,0.0400804728269577,0.5591838955879211,1.4810588359832764
oof,Enterococcus innesii|IMG_20260211_100343,Enterococcus innesii,IMG_20260211_100343,train,4,Enterococcus innesii,Enterococcus innesii,True,0.41655492782592773,Sphingomonas leidyi,0.08554331213235855,Serratia marcescens,0.08380415290594101,0.3310116231441498,2.528106212615967
oof,Enterococcus innesii|IMG_20260211_100407,Enterococcus innesii,IMG_20260211_100407,train,9,Enterococcus innesii,Enterococcus innesii,True,0.26610317826271057,Chryseobacterium hagamense,0.09862168878316879,Serratia marcescens,0.07011857628822327,0.16748148202896118,3.00931715965271
oof,Enterococcus innesii|IMG_20260211_100444,Enterococcus innesii,IMG_20260211_100444,train,6,Enterococcus innesii,Enterococcus innesii,True,0.6979680061340332,Brachybacterium conglomeratum,0.07035886496305466,Methylorubrum populi,0.04983989894390106,0.627609133720398,1.4906952381134033
oof,Enterococcus innesii|IMG_20260211_100459,Enterococcus innesii,IMG_20260211_100459,train,6,Enterococcus innesii,Enterococcus innesii,True,0.5260811448097229,Serratia marcescens,0.12829311192035675,Sphingomonas leidyi,0.08315490931272507,0.39778804779052734,1.9878865480422974
oof,Enterococcus innesii|IMG_20260211_100504,Enterococcus innesii,IMG_20260211_100504,train,8,Enterococcus innesii,Enterococcus innesii,True,0.5766473412513733,Serratia marcescens,0.15626028180122375,Acinetobacter oryzae,0.062360361218452454,0.42038705945014954,1.778382658958435
oof,Enterococcus innesii|IMG_20260211_100535,Enterococcus innesii,IMG_20260211_100535,train,7,Enterococcus innesii,Enterococcus innesii,True,0.7235313653945923,Pseudomonas parafulva,0.034015730023384094,Staphylococcus capitis,0.03253652900457382,0.6895156502723694,1.4478564262390137
oof,Enterococcus innesii|IMG_20260211_100546,Enterococcus innesii,IMG_20260211_100546,train,4,Enterococcus innesii,Enterococcus innesii,True,0.4780024588108063,Acinetobacter oryzae,0.06263390928506851,Staphylococcus epidermidis,0.0597430095076561,0.41536855697631836,2.410571336746216
oof,Enterococcus innesii|IMG_20260211_100550,Enterococcus innesii,IMG_20260211_100550,train,6,Enterococcus innesii,Enterococcus innesii,True,0.5377303957939148,Methylorubrum populi,0.05483828857541084,Ralstonia pickettii,0.05445338413119316,0.48289209604263306,2.2076525688171387
oof,Enterococcus innesii|IMG_20260211_100553,Enterococcus innesii,IMG_20260211_100553,train,5,Enterococcus innesii,Enterococcus innesii,True,0.4251289367675781,Brevundimonas huaxiensis,0.16804927587509155,Ralstonia pickettii,0.14509868621826172,0.2570796608924866,2.140824556350708
oof,Enterococcus innesii|IMG_20260211_100629,Enterococcus innesii,IMG_20260211_100629,train,10,Enterococcus innesii,Enterococcus innesii,True,0.6501064896583557,Serratia marcescens,0.06974541395902634,Staphylococcus epidermidis,0.04029237851500511,0.5803610682487488,1.7502094507217407
oof,Faucicola osloensis|IMG_20251227_103001,Faucicola osloensis,IMG_20251227_103001,train,3,Faucicola osloensis,Faucicola osloensis,True,0.37572360038757324,Ralstonia pickettii,0.06730399280786514,Brachybacterium conglomeratum,0.05249471962451935,0.3084196150302887,2.77128005027771
oof,Faucicola osloensis|IMG_20251227_103142,Faucicola osloensis,IMG_20251227_103142,train,5,Faucicola osloensis,Faucicola osloensis,True,0.3980071544647217,Brachybacterium conglomeratum,0.0561499185860157,Priestia megaterium,0.05208173394203186,0.3418572247028351,2.6683483123779297
oof,Faucicola osloensis|IMG_20251227_103259,Faucicola osloensis,IMG_20251227_103259,train,5,Faucicola osloensis,Faucicola osloensis,True,0.23756828904151917,Stenotrophomonas maltophilia,0.1573089063167572,Priestia megaterium,0.09117259085178375,0.08025938272476196,2.8376855850219727
oof,Faucicola osloensis|IMG_20251227_103307,Faucicola osloensis,IMG_20251227_103307,train,6,Faucicola osloensis,Faucicola osloensis,True,0.24964118003845215,Enterobacter quasihormaechei,0.14013905823230743,Ralstonia pickettii,0.13895362615585327,0.10950212180614471,2.6747875213623047
oof,Faucicola osloensis|IMG_20251229_163409,Faucicola osloensis,IMG_20251229_163409,train,8,Faucicola osloensis,Pseudescherichia vulneris,False,0.14848163723945618,Brevibacillus agri,0.10830427706241608,Faucicola osloensis,0.07722727954387665,0.0401773601770401,3.230546236038208
oof,Faucicola osloensis|IMG_20251229_163518,Faucicola osloensis,IMG_20251229_163518,train,7,Faucicola osloensis,Faucicola osloensis,True,0.2665364742279053,Pseudescherichia vulneris,0.12342461198568344,Bacillus manliponensis,0.06517330557107925,0.14311185479164124,2.90714693069458
oof,Faucicola osloensis|IMG_20251229_163704,Faucicola osloensis,IMG_20251229_163704,train,5,Faucicola osloensis,Faucicola osloensis,True,0.14132194221019745,Staphylococcus cohnii,0.07621275633573532,Stenotrophomonas maltophilia,0.05879920348525047,0.06510918587446213,3.4057910442352295
oof,Kocuria rhizophila|IMG_20251217_101704,Kocuria rhizophila,IMG_20251217_101704,train,10,Kocuria rhizophila,Kocuria rhizophila,True,0.9249280691146851,Staphylococcus ureilyticu,0.04366079717874527,Acinetobacter seifertii,0.0033034340012818575,0.881267249584198,0.4218701422214508
oof,Kocuria rhizophila|IMG_20251217_101724,Kocuria rhizophila,IMG_20251217_101724,train,9,Kocuria rhizophila,Kocuria rhizophila,True,0.9818657040596008,Staphylococcus ureilyticu,0.005999384913593531,Chryseobacterium mulctrae,0.0017164148157462478,0.9758663177490234,0.14253434538841248
oof,Kocuria rhizophila|IMG_20251217_101755,Kocuria rhizophila,IMG_20251217_101755,train,12,Kocuria rhizophila,Kocuria rhizophila,True,0.9950547814369202,Chryseobacterium indologenes,0.0006240641814656556,Staphylococcus capitis,0.0003683847899083048,0.9944307208061218,0.04781155288219452
oof,Kocuria rhizophila|IMG_20251217_101813,Kocuria rhizophila,IMG_20251217_101813,train,12,Kocuria rhizophila,Kocuria rhizophila,True,0.994027853012085,Brachybacterium conglomeratum,0.0007958351634442806,Staphylococcus taiwanensis,0.0007351383101195097,0.993232011795044,0.056310106068849564
oof,Kocuria rhizophila|IMG_20251217_101821,Kocuria rhizophila,IMG_20251217_101821,train,12,Kocuria rhizophila,Kocuria rhizophila,True,0.969607949256897,Staphylococcus ureilyticu,0.011859925463795662,Serratia marcescens,0.004475381691008806,0.9577479958534241,0.21189306676387787
oof,Kocuria rhizophila|IMG_20251217_101832,Kocuria rhizophila,IMG_20251217_101832,train,12,Kocuria rhizophila,Kocuria rhizophila,True,0.9970222115516663,Staphylococcus ureilyticu,0.0005052583874203265,Chryseobacterium mulctrae,0.0002471567422617227,0.9965169429779053,0.030312059447169304
oof,Kocuria rhizophila|IMG_20251217_101925,Kocuria rhizophila,IMG_20251217_101925,train,12,Kocuria rhizophila,Kocuria rhizophila,True,0.9511124491691589,Brachybacterium conglomeratum,0.026530003175139427,Bacillus pumilus,0.00297355349175632,0.9245824217796326,0.30264973640441895
oof,Kocuria rhizophila|IMG_20251217_101935,Kocuria rhizophila,IMG_20251217_101935,train,12,Kocuria rhizophila,Kocuria rhizophila,True,0.9840801358222961,Acinetobacter seifertii,0.005123361945152283,Chryseobacterium indologenes,0.0031629728619009256,0.9789567589759827,0.12327621877193451
oof,Kocuria rhizophila|IMG_20251217_101950,Kocuria rhizophila,IMG_20251217_101950,train,12,Kocuria rhizophila,Kocuria rhizophila,True,0.9164102673530579,Chryseobacterium indologenes,0.038819897919893265,Staphylococcus roterodami,0.007159193512052298,0.8775903582572937,0.48913973569869995
oof,Kocuria rhizophila|IMG_20251217_101957,Kocuria rhizophila,IMG_20251217_101957,train,12,Kocuria rhizophila,Kocuria rhizophila,True,0.842948317527771,Pantoea ananatis,0.05349322408437729,Chryseobacterium indologenes,0.02853238955140114,0.7894551157951355,0.8280417323112488
oof,Kocuria rhizophila|IMG_20251217_102041,Kocuria rhizophila,IMG_20251217_102041,train,12,Kocuria rhizophila,Kocuria rhizophila,True,0.9681647419929504,Chryseobacterium indologenes,0.010970111936330795,Enterobacter quasihormaechei,0.0030931085348129272,0.9571946263313293,0.2308892011642456
oof,Kocuria rhizophila|IMG_20251217_102102,Kocuria rhizophila,IMG_20251217_102102,train,12,Kocuria rhizophila,Kocuria rhizophila,True,0.9964861869812012,Acinetobacter seifertii,0.0003371574857737869,Staphylococcus taiwanensis,0.000275912374490872,0.9961490035057068,0.03529307246208191
oof,Kocuria rhizophila|IMG_20251217_102137,Kocuria rhizophila,IMG_20251217_102137,train,12,Kocuria rhizophila,Kocuria rhizophila,True,0.8161676526069641,Staphylococcus ureilyticu,0.024288106709718704,Brachybacterium paraconglomeratum,0.01925821416079998,0.7918795347213745,1.082381248474121
oof,Kocuria rhizophila|IMG_20251217_102144,Kocuria rhizophila,IMG_20251217_102144,train,12,Kocuria rhizophila,Kocuria rhizophila,True,0.934402585029602,Bacillus pumilus,0.008461691439151764,Brachybacterium paraconglomeratum,0.0080074742436409,0.9259408712387085,0.4548987150192261
oof,Kocuria rhizophila|IMG_20251217_102156,Kocuria rhizophila,IMG_20251217_102156,train,12,Kocuria rhizophila,Kocuria rhizophila,True,0.9560471773147583,Staphylococcus ureilyticu,0.010541785508394241,Chryseobacterium indologenes,0.0028143415693193674,0.9455053806304932,0.3211291432380676
oof,Kocuria rhizophila|IMG_20251217_102204,Kocuria rhizophila,IMG_20251217_102204,train,12,Kocuria rhizophila,Kocuria rhizophila,True,0.9566493034362793,Staphylococcus ureilyticu,0.008715921081602573,Chryseobacterium indologenes,0.005801467690616846,0.9479333758354187,0.31084126234054565
oof,Kocuria rhizophila|IMG_20251217_102219,Kocuria rhizophila,IMG_20251217_102219,train,12,Kocuria rhizophila,Kocuria rhizophila,True,0.8539612889289856,Chryseobacterium indologenes,0.06435950845479965,Staphylococcus ureilyticu,0.02787567675113678,0.7896018028259277,0.7500559687614441
oof,Kocuria rhizophila|IMG_20251217_102230,Kocuria rhizophila,IMG_20251217_102230,train,11,Kocuria rhizophila,Kocuria rhizophila,True,0.9745746850967407,Staphylococcus ureilyticu,0.0076551977545022964,Arthrobacter gandavensis,0.0030967164784669876,0.966919481754303,0.19145382940769196
oof,Kocuria rhizophila|IMG_20251217_102237,Kocuria rhizophila,IMG_20251217_102237,train,12,Kocuria rhizophila,Kocuria rhizophila,True,0.90065598487854,Staphylococcus ureilyticu,0.023620910942554474,Bacillus pumilus,0.007271359674632549,0.8770350813865662,0.6372306942939758
oof,Methylorubrum populi|IMG_20251230_155630,Methylorubrum populi,IMG_20251230_155630,train,4,Methylorubrum populi,Methylorubrum populi,True,0.7755600810050964,Serratia marcescens,0.09609067440032959,Staphylococcus capitis,0.024759745225310326,0.6794694066047668,1.0846185684204102
oof,Methylorubrum populi|IMG_20251230_155722,Methylorubrum populi,IMG_20251230_155722,train,6,Methylorubrum populi,Methylorubrum populi,True,0.37852412462234497,Enterococcus innesii,0.13225018978118896,Bacillus cereus,0.08663664013147354,0.246273934841156,2.579545021057129
oof,Methylorubrum populi|IMG_20251230_155846,Methylorubrum populi,IMG_20251230_155846,train,4,Methylorubrum populi,Methylorubrum populi,True,0.5369524359703064,Staphylococcus capitis,0.10145523399114609,Enterococcus innesii,0.06462591141462326,0.4354971945285797,2.0485317707061768
oof,Methylorubrum populi|IMG_20251230_155851,Methylorubrum populi,IMG_20251230_155851,train,6,Methylorubrum populi,Methylorubrum populi,True,0.5551375150680542,Enterococcus innesii,0.08299458771944046,Serratia marcescens,0.08238724619150162,0.47214293479919434,2.059166431427002
oof,Methylorubrum populi|IMG_20251230_155912,Methylorubrum populi,IMG_20251230_155912,train,3,Methylorubrum populi,Methylorubrum populi,True,0.3690733313560486,Serratia marcescens,0.1534077525138855,Pseudomonas parafulva,0.11689434200525284,0.21566557884216309,2.2452900409698486
oof,Methylorubrum populi|IMG_20251230_160203,Methylorubrum populi,IMG_20251230_160203,train,7,Methylorubrum populi,Methylorubrum populi,True,0.4579916000366211,Aureobasidium melanogenum,0.09195943921804428,Enterococcus innesii,0.05920882895588875,0.3660321533679962,2.439659833908081
oof,Methylorubrum populi|IMG_20251230_160229,Methylorubrum populi,IMG_20251230_160229,train,4,Methylorubrum populi,Methylorubrum populi,True,0.3495766818523407,Enterococcus innesii,0.07711353898048401,Faucicola osloensis,0.07286320626735687,0.2724631428718567,2.7650704383850098
oof,Micrococcus yunnanensis|IMG_20251226_141832,Micrococcus yunnanensis,IMG_20251226_141832,train,6,Micrococcus yunnanensis,Micrococcus yunnanensis,True,0.29894202947616577,Chryseobacterium indologenes,0.15679168701171875,Brevundimonas huaxiensis,0.10560821741819382,0.14215034246444702,2.6830227375030518
oof,Micrococcus yunnanensis|IMG_20251226_141933,Micrococcus yunnanensis,IMG_20251226_141933,train,4,Micrococcus yunnanensis,Micrococcus yunnanensis,True,0.5559858083724976,Bacillus infantis,0.09304815530776978,Brachybacterium conglomeratum,0.0743970051407814,0.4629376530647278,1.977750539779663
oof,Micrococcus yunnanensis|IMG_20251226_142041,Micrococcus yunnanensis,IMG_20251226_142041,train,8,Micrococcus yunnanensis,Micrococcus yunnanensis,True,0.5625889301300049,Brachybacterium paraconglomeratum,0.12409933656454086,Staphylococcus roterodami,0.054438360035419464,0.4384895861148834,1.9301478862762451
oof,Micrococcus yunnanensis|IMG_20251226_142054,Micrococcus yunnanensis,IMG_20251226_142054,train,10,Micrococcus yunnanensis,Brachybacterium paraconglomeratum,False,0.40100017189979553,Micrococcus yunnanensis,0.27446645498275757,Chryseobacterium indologenes,0.101642906665802,0.12653371691703796,2.002842664718628
oof,Micrococcus yunnanensis|IMG_20251226_142142,Micrococcus yunnanensis,IMG_20251226_142142,train,4,Micrococcus yunnanensis,Micrococcus yunnanensis,True,0.7511813640594482,Bacillus infantis,0.052899979054927826,Chryseobacterium indologenes,0.04589244723320007,0.6982814073562622,1.2769874334335327
oof,Micrococcus yunnanensis|IMG_20251226_142148,Micrococcus yunnanensis,IMG_20251226_142148,train,6,Micrococcus yunnanensis,Micrococcus yunnanensis,True,0.5531298518180847,Chryseobacterium indologenes,0.10939084738492966,Brachybacterium conglomeratum,0.09740091115236282,0.44373899698257446,1.873859167098999
oof,Micrococcus yunnanensis|IMG_20251226_142151,Micrococcus yunnanensis,IMG_20251226_142151,train,7,Micrococcus yunnanensis,Micrococcus yunnanensis,True,0.716831624507904,Chryseobacterium indologenes,0.14519278705120087,Brachybacterium paraconglomeratum,0.03868289664387703,0.571638822555542,1.1883689165115356
oof,Micrococcus yunnanensis|IMG_20251226_142157,Micrococcus yunnanensis,IMG_20251226_142157,train,8,Micrococcus yunnanensis,Micrococcus yunnanensis,True,0.8596186637878418,Chryseobacterium indologenes,0.08665697276592255,Brachybacterium paraconglomeratum,0.011586171574890614,0.7729616761207581,0.6635472774505615
oof,Micrococcus yunnanensis|IMG_20251226_142211,Micrococcus yunnanensis,IMG_20251226_142211,train,8,Micrococcus yunnanensis,Micrococcus yunnanensis,True,0.7216940522193909,Brachybacterium conglomeratum,0.10388468950986862,Chryseobacterium indologenes,0.0280852559953928,0.6178093552589417,1.3304035663604736
oof,Micrococcus yunnanensis|IMG_20251226_142230,Micrococcus yunnanensis,IMG_20251226_142230,train,10,Micrococcus yunnanensis,Micrococcus yunnanensis,True,0.40705347061157227,Chryseobacterium indologenes,0.10349948704242706,Brachybacterium paraconglomeratum,0.051434896886348724,0.3035539984703064,2.575533628463745
oof,Pantoea ananatis|IMG_20260106_142932,Pantoea ananatis,IMG_20260106_142932,train,12,Pantoea ananatis,Pantoea ananatis,True,0.6513963937759399,Brevibacillus agri,0.06342031806707382,Ralstonia pickettii,0.026722654700279236,0.5879760980606079,1.7803558111190796
oof,Pantoea ananatis|IMG_20260106_142936,Pantoea ananatis,IMG_20260106_142936,train,11,Pantoea ananatis,Pantoea ananatis,True,0.6054553985595703,Chryseobacterium indologenes,0.04708154872059822,Staphylococcus taiwanensis,0.02958592213690281,0.5583738684654236,2.024092674255371
oof,Pantoea ananatis|IMG_20260106_143006,Pantoea ananatis,IMG_20260106_143006,train,7,Pantoea ananatis,Pantoea ananatis,True,0.8101627826690674,Brevibacillus agri,0.037528153508901596,Brachybacterium paraconglomeratum,0.019676348194479942,0.7726346254348755,1.0966224670410156
oof,Pantoea ananatis|IMG_20260106_143012,Pantoea ananatis,IMG_20260106_143012,train,9,Pantoea ananatis,Pantoea ananatis,True,0.6855946183204651,Bacillus aerius,0.07447640597820282,Brachybacterium paraconglomeratum,0.0497063510119915,0.6111181974411011,1.4556028842926025
oof,Pantoea ananatis|IMG_20260106_143109,Pantoea ananatis,IMG_20260106_143109,train,5,Pantoea ananatis,Pantoea ananatis,True,0.8344712257385254,Brachybacterium paraconglomeratum,0.04562786594033241,Chryseobacterium mulctrae,0.028501342982053757,0.7888433337211609,0.9024823904037476
oof,Pantoea ananatis|IMG_20260106_143258,Pantoea ananatis,IMG_20260106_143258,train,6,Pantoea ananatis,Pantoea ananatis,True,0.18947288393974304,Brachybacterium paraconglomeratum,0.1471027284860611,Chryseobacterium hagamense,0.08296486735343933,0.042370155453681946,3.08176851272583
oof,Pantoea ananatis|IMG_20260106_143852,Pantoea ananatis,IMG_20260106_143852,train,11,Pantoea ananatis,Pantoea ananatis,True,0.5836634635925293,Brachybacterium paraconglomeratum,0.03903937712311745,Chryseobacterium indologenes,0.03159136697649956,0.5446240901947021,2.1357667446136475
oof,Pantoea ananatis|IMG_20260106_143858,Pantoea ananatis,IMG_20260106_143858,train,11,Pantoea ananatis,Pantoea ananatis,True,0.7565339803695679,Brachybacterium paraconglomeratum,0.03304005414247513,Bacillus pumilus,0.025417597964406013,0.7234939336776733,1.3553766012191772
oof,Pantoea ananatis|IMG_20260106_143904,Pantoea ananatis,IMG_20260106_143904,train,5,Pantoea ananatis,Pantoea ananatis,True,0.7304024696350098,Brachybacterium paraconglomeratum,0.14127658307552338,Bacillus cereus,0.02309996448457241,0.5891258716583252,1.1690893173217773
oof,Pantoea ananatis|IMG_20260106_143929,Pantoea ananatis,IMG_20260106_143929,train,8,Pantoea ananatis,Pantoea ananatis,True,0.8339016437530518,Brachybacterium paraconglomeratum,0.028532156720757484,Sphingomonas leidyi,0.013544296845793724,0.80536949634552,1.0079677104949951
oof,Pantoea ananatis|IMG_20260106_144004,Pantoea ananatis,IMG_20260106_144004,train,8,Pantoea ananatis,Pantoea ananatis,True,0.7024163007736206,Bacillus infantis,0.04129569232463837,Staphylococcus capitis,0.03252033144235611,0.661120593547821,1.585313320159912
oof,Pantoea ananatis|IMG_20260106_144006,Pantoea ananatis,IMG_20260106_144006,train,7,Pantoea ananatis,Pantoea ananatis,True,0.7182259559631348,Brachybacterium paraconglomeratum,0.02712651528418064,Brevibacillus agri,0.022110996767878532,0.6910994648933411,1.5533427000045776
oof,Pantoea ananatis|IMG_20260106_144009,Pantoea ananatis,IMG_20260106_144009,train,10,Pantoea ananatis,Pantoea ananatis,True,0.8068633079528809,Chryseobacterium indologenes,0.02554098702967167,Brachybacterium paraconglomeratum,0.017888713628053665,0.7813223004341125,1.1298940181732178
oof,Pantoea ananatis|IMG_20260106_144012,Pantoea ananatis,IMG_20260106_144012,train,10,Pantoea ananatis,Pantoea ananatis,True,0.8423296809196472,Brachybacterium paraconglomeratum,0.016952166333794594,Arthrobacter gandavensis,0.012109843082726002,0.8253775238990784,0.967098593711853
oof,Pantoea ananatis|IMG_20260106_144019,Pantoea ananatis,IMG_20260106_144019,train,9,Pantoea ananatis,Pantoea ananatis,True,0.9056804180145264,Chryseobacterium indologenes,0.01911693811416626,Brevibacillus agri,0.015079489909112453,0.8865634799003601,0.6009906530380249
oof,Pantoea ananatis|IMG_20260106_144037,Pantoea ananatis,IMG_20260106_144037,train,5,Pantoea ananatis,Pantoea ananatis,True,0.847988486289978,Brevibacillus agri,0.06486059725284576,Stenotrophomonas maltophilia,0.014676956459879875,0.7831279039382935,0.809098482131958
oof,Priestia megaterium|IMG_20260227_113245,Priestia megaterium,IMG_20260227_113245,train,9,Priestia megaterium,Priestia megaterium,True,0.9069427251815796,Brevibacillus agri,0.012090188451111317,Chryseobacterium indologenes,0.011272929608821869,0.8948525190353394,0.6127780079841614
oof,Priestia megaterium|IMG_20260227_113247,Priestia megaterium,IMG_20260227_113247,train,8,Priestia megaterium,Priestia megaterium,True,0.8888561725616455,Chryseobacterium mulctrae,0.03444468602538109,Brevibacillus agri,0.014439031481742859,0.8544114828109741,0.6581194996833801
oof,Priestia megaterium|IMG_20260227_113249,Priestia megaterium,IMG_20260227_113249,train,8,Priestia megaterium,Priestia megaterium,True,0.7562826871871948,Bacillus subtilis,0.04485860466957092,Brevibacillus agri,0.0182602908462286,0.7114241123199463,1.3650187253952026
oof,Priestia megaterium|IMG_20260227_113251,Priestia megaterium,IMG_20260227_113251,train,9,Priestia megaterium,Priestia megaterium,True,0.9235637784004211,Staphylococcus roterodami,0.029949793592095375,Pseudescherichia vulneris,0.020256677642464638,0.8936139941215515,0.4440794885158539
oof,Priestia megaterium|IMG_20260227_113254,Priestia megaterium,IMG_20260227_113254,train,10,Priestia megaterium,Priestia megaterium,True,0.8431243300437927,Bacillus haynesii,0.07001838088035583,Pseudescherichia vulneris,0.0213580634444952,0.7731059789657593,0.812390923500061
oof,Priestia megaterium|IMG_20260227_113257,Priestia megaterium,IMG_20260227_113257,train,8,Priestia megaterium,Priestia megaterium,True,0.6284233927726746,Bacillus subtilis,0.09403964877128601,Bacillus pumilus,0.06035095453262329,0.5343837738037109,1.7176437377929688
oof,Priestia megaterium|IMG_20260227_113259,Priestia megaterium,IMG_20260227_113259,train,8,Priestia megaterium,Priestia megaterium,True,0.6686736941337585,Brevundimonas huaxiensis,0.06301671266555786,Pseudescherichia vulneris,0.04044517129659653,0.6056569814682007,1.6117186546325684
oof,Priestia megaterium|IMG_20260227_113301,Priestia megaterium,IMG_20260227_113301,train,5,Priestia megaterium,Priestia megaterium,True,0.8250839114189148,Pseudescherichia vulneris,0.04812733829021454,Bacillus manliponensis,0.030281545594334602,0.7769565582275391,0.9424665570259094
oof,Priestia megaterium|IMG_20260227_113303,Priestia megaterium,IMG_20260227_113303,train,3,Priestia megaterium,Priestia megaterium,True,0.5690399408340454,Bacillus subtilis,0.045646630227565765,Brevibacillus agri,0.03932452201843262,0.5233933329582214,2.1261560916900635
oof,Priestia megaterium|IMG_20260227_113305,Priestia megaterium,IMG_20260227_113305,train,6,Priestia megaterium,Priestia megaterium,True,0.6724187135696411,Pseudescherichia vulneris,0.08326013386249542,Bacillus subtilis,0.026177097111940384,0.5891585946083069,1.6231956481933594
oof,Priestia megaterium|IMG_20260227_113308,Priestia megaterium,IMG_20260227_113308,train,9,Priestia megaterium,Priestia megaterium,True,0.7808337807655334,Faucicola osloensis,0.06523878127336502,Bacillus subtilis,0.017761053517460823,0.715595006942749,1.1853883266448975
oof,Priestia megaterium|IMG_20260227_113310,Priestia megaterium,IMG_20260227_113310,train,8,Priestia megaterium,Priestia megaterium,True,0.8210345506668091,Pseudescherichia vulneris,0.027935165911912918,Brevundimonas huaxiensis,0.010373600758612156,0.7930994033813477,1.082869529724121
oof,Priestia megaterium|IMG_20260227_113312,Priestia megaterium,IMG_20260227_113312,train,7,Priestia megaterium,Priestia megaterium,True,0.9136919379234314,Brevibacillus agri,0.014099298045039177,Staphylococcus cohnii,0.00536168972030282,0.8995926380157471,0.5891594290733337
oof,Priestia megaterium|IMG_20260227_113318,Priestia megaterium,IMG_20260227_113318,train,7,Priestia megaterium,Priestia megaterium,True,0.8490015864372253,Staphylococcus roterodami,0.03318057954311371,Bacillus subtilis,0.013489254750311375,0.8158209919929504,0.9033586978912354
oof,Priestia megaterium|IMG_20260227_113325,Priestia megaterium,IMG_20260227_113325,train,5,Priestia megaterium,Priestia megaterium,True,0.8200730681419373,Chryseobacterium mulctrae,0.03620903566479683,Pseudescherichia vulneris,0.01756705902516842,0.7838640213012695,1.0507780313491821
oof,Priestia megaterium|IMG_20260227_113327,Priestia megaterium,IMG_20260227_113327,train,5,Priestia megaterium,Priestia megaterium,True,0.8749038577079773,Bacillus subtilis,0.020371858030557632,Pseudescherichia vulneris,0.015076467767357826,0.85453200340271,0.796908438205719
oof,Priestia megaterium|IMG_20260227_113328,Priestia megaterium,IMG_20260227_113328,train,8,Priestia megaterium,Priestia megaterium,True,0.8259429931640625,Bacillus subtilis,0.0433768592774868,Brevibacillus agri,0.02272871881723404,0.7825661301612854,0.989047110080719
oof,Priestia megaterium|IMG_20260227_113330,Priestia megaterium,IMG_20260227_113330,train,6,Priestia megaterium,Priestia megaterium,True,0.8811865448951721,Brevibacillus agri,0.026175424456596375,Bacillus subtilis,0.013149786740541458,0.8550111055374146,0.7351662516593933
oof,Priestia megaterium|IMG_20260227_113333,Priestia megaterium,IMG_20260227_113333,train,6,Priestia megaterium,Priestia megaterium,True,0.7783229351043701,Bacillus subtilis,0.15532884001731873,Staphylococcus petrasii,0.012795542366802692,0.622994065284729,0.8713178038597107
oof,Priestia megaterium|IMG_20260227_113336,Priestia megaterium,IMG_20260227_113336,train,7,Priestia megaterium,Priestia megaterium,True,0.4438537657260895,Bacillus subtilis,0.11898141354322433,Staphylococcus petrasii,0.0740324929356575,0.32487234473228455,2.330203056335449
oof,Priestia megaterium|IMG_20260227_113343,Priestia megaterium,IMG_20260227_113343,train,5,Priestia megaterium,Priestia megaterium,True,0.7853789329528809,Pseudescherichia vulneris,0.0965627059340477,Arthrobacter gandavensis,0.018739599734544754,0.688816249370575,1.0341452360153198
oof,Priestia megaterium|IMG_20260227_113345,Priestia megaterium,IMG_20260227_113345,train,8,Priestia megaterium,Priestia megaterium,True,0.8044179677963257,Brevundimonas huaxiensis,0.021367428824305534,Bacillus aerius,0.01847042143344879,0.783050537109375,1.1632938385009766
oof,Priestia megaterium|IMG_20260227_113348,Priestia megaterium,IMG_20260227_113348,train,7,Priestia megaterium,Priestia megaterium,True,0.7780280113220215,Bacillus manliponensis,0.03674117103219032,Staphylococcus cohnii,0.022594016045331955,0.7412868142127991,1.2480745315551758
oof,Pseudescherichia vulneris|IMG_20260226_132148,Pseudescherichia vulneris,IMG_20260226_132148,train,6,Pseudescherichia vulneris,Pseudescherichia vulneris,True,0.343733549118042,Serratia marcescens,0.0989224910736084,Brevundimonas huaxiensis,0.0830877497792244,0.2448110580444336,2.6139073371887207
oof,Pseudescherichia vulneris|IMG_20260226_132155,Pseudescherichia vulneris,IMG_20260226_132155,train,7,Pseudescherichia vulneris,Pseudescherichia vulneris,True,0.4976353645324707,Ralstonia pickettii,0.10778278112411499,Arthrobacter gandavensis,0.09924263507127762,0.3898525834083557,2.1299214363098145
oof,Pseudescherichia vulneris|IMG_20260226_132158,Pseudescherichia vulneris,IMG_20260226_132158,train,3,Pseudescherichia vulneris,Pseudescherichia vulneris,True,0.5285794138908386,Bacillus manliponensis,0.05866583436727524,Brevibacillus agri,0.050738878548145294,0.4699135720729828,2.245243787765503
oof,Pseudescherichia vulneris|IMG_20260226_132200,Pseudescherichia vulneris,IMG_20260226_132200,train,9,Pseudescherichia vulneris,Pseudescherichia vulneris,True,0.6842859387397766,Arthrobacter gandavensis,0.057642921805381775,Bacillus cabrialesii,0.04231743514537811,0.6266430020332336,1.6180059909820557
oof,Pseudescherichia vulneris|IMG_20260226_132202,Pseudescherichia vulneris,IMG_20260226_132202,train,10,Pseudescherichia vulneris,Pseudescherichia vulneris,True,0.23344919085502625,Arthrobacter gandavensis,0.09837982803583145,Bacillus cabrialesii,0.09791591018438339,0.1350693702697754,2.9694788455963135
oof,Pseudescherichia vulneris|IMG_20260226_132205,Pseudescherichia vulneris,IMG_20260226_132205,train,9,Pseudescherichia vulneris,Pseudescherichia vulneris,True,0.7988324761390686,Bacillus subtilis,0.046124715358018875,Priestia megaterium,0.02358413301408291,0.7527077794075012,1.1273218393325806
oof,Pseudescherichia vulneris|IMG_20260226_132210,Pseudescherichia vulneris,IMG_20260226_132210,train,11,Pseudescherichia vulneris,Pseudescherichia vulneris,True,0.9341822266578674,Serratia marcescens,0.008248267695307732,Arthrobacter gandavensis,0.006985676474869251,0.9259339570999146,0.45662227272987366
oof,Pseudescherichia vulneris|IMG_20260226_132214,Pseudescherichia vulneris,IMG_20260226_132214,train,11,Pseudescherichia vulneris,Pseudescherichia vulneris,True,0.610650360584259,Brevibacillus agri,0.05229642614722252,Priestia megaterium,0.04491213336586952,0.5583539605140686,1.9294298887252808
oof,Pseudescherichia vulneris|IMG_20260226_132217,Pseudescherichia vulneris,IMG_20260226_132217,train,11,Pseudescherichia vulneris,Pseudescherichia vulneris,True,0.7356897592544556,Priestia megaterium,0.06249058619141579,Bacillus cabrialesii,0.024274712428450584,0.6731991767883301,1.3749675750732422
oof,Pseudescherichia vulneris|IMG_20260226_132219,Pseudescherichia vulneris,IMG_20260226_132219,train,11,Pseudescherichia vulneris,Pseudescherichia vulneris,True,0.3500599265098572,Brevundimonas huaxiensis,0.06573021411895752,Serratia marcescens,0.05137773975729942,0.28432971239089966,2.863077402114868
oof,Pseudescherichia vulneris|IMG_20260226_132222,Pseudescherichia vulneris,IMG_20260226_132222,train,9,Pseudescherichia vulneris,Pseudescherichia vulneris,True,0.7180964946746826,Serratia marcescens,0.03464767709374428,Enterobacter quasihormaechei,0.025431089103221893,0.6834487915039062,1.5323008298873901
oof,Pseudescherichia vulneris|IMG_20260226_132228,Pseudescherichia vulneris,IMG_20260226_132228,train,12,Pseudescherichia vulneris,Pseudescherichia vulneris,True,0.6317318081855774,Acinetobacter seifertii,0.035012420266866684,Bacillus manliponensis,0.029794827103614807,0.5967193841934204,1.8888548612594604
oof,Pseudescherichia vulneris|IMG_20260226_132238,Pseudescherichia vulneris,IMG_20260226_132238,train,11,Pseudescherichia vulneris,Pseudescherichia vulneris,True,0.7626152634620667,Enterobacter quasihormaechei,0.023385418578982353,Stenotrophomonas maltophilia,0.020213335752487183,0.7392298579216003,1.3410142660140991
oof,Pseudescherichia vulneris|IMG_20260226_132241,Pseudescherichia vulneris,IMG_20260226_132241,train,11,Pseudescherichia vulneris,Pseudescherichia vulneris,True,0.829444408416748,Bacillus cabrialesii,0.021046608686447144,Ralstonia pickettii,0.013708826154470444,0.8083977699279785,1.0377122163772583
oof,Pseudescherichia vulneris|IMG_20260226_132243,Pseudescherichia vulneris,IMG_20260226_132243,train,10,Pseudescherichia vulneris,Pseudescherichia vulneris,True,0.7377788424491882,Bacillus manliponensis,0.0338129885494709,Ralstonia pickettii,0.026404978707432747,0.7039658427238464,1.426594853401184
oof,Pseudescherichia vulneris|IMG_20260226_132245,Pseudescherichia vulneris,IMG_20260226_132245,train,10,Pseudescherichia vulneris,Pseudescherichia vulneris,True,0.6748758554458618,Ralstonia pickettii,0.08999793976545334,Serratia marcescens,0.02359713613986969,0.5848779082298279,1.6115020513534546
oof,Pseudescherichia vulneris|IMG_20260226_132252,Pseudescherichia vulneris,IMG_20260226_132252,train,12,Pseudescherichia vulneris,Pseudescherichia vulneris,True,0.6330928802490234,Bacillus cabrialesii,0.08569933474063873,Bacillus manliponensis,0.037852462381124496,0.5473935604095459,1.8021124601364136
oof,Pseudomonas parafulva|IMG_20260211_094218,Pseudomonas parafulva,IMG_20260211_094218,train,4,Pseudomonas parafulva,Pseudomonas parafulva,True,0.6777263283729553,Serratia marcescens,0.09589407593011856,Ralstonia pickettii,0.02201855182647705,0.581832230091095,1.5823732614517212
oof,Pseudomonas parafulva|IMG_20260211_094312,Pseudomonas parafulva,IMG_20260211_094312,train,6,Pseudomonas parafulva,Serratia marcescens,False,0.4463690221309662,Pseudomonas parafulva,0.19409184157848358,Staphylococcus epidermidis,0.06827377527952194,0.2522771954536438,2.1354329586029053
oof,Pseudomonas parafulva|IMG_20260211_094327,Pseudomonas parafulva,IMG_20260211_094327,train,5,Pseudomonas parafulva,Pseudomonas parafulva,True,0.5225867629051208,Methylorubrum populi,0.09241288900375366,Serratia marcescens,0.08003492653369904,0.4301738739013672,2.127326726913452
oof,Pseudomonas parafulva|IMG_20260211_094407,Pseudomonas parafulva,IMG_20260211_094407,train,6,Pseudomonas parafulva,Pseudomonas parafulva,True,0.35689064860343933,Serratia marcescens,0.2715151011943817,Bacillus cabrialesii,0.05864499881863594,0.08537554740905762,2.2727506160736084
oof,Pseudomonas parafulva|IMG_20260211_094458,Pseudomonas parafulva,IMG_20260211_094458,train,5,Pseudomonas parafulva,Acinetobacter oryzae,False,0.2134048193693161,Pseudomonas parafulva,0.19012178480625153,Staphylococcus capitis,0.09007293730974197,0.023283034563064575,2.7231366634368896
oof,Pseudomonas parafulva|IMG_20260211_094631,Pseudomonas parafulva,IMG_20260211_094631,train,7,Pseudomonas parafulva,Serratia marcescens,False,0.3187234699726105,Brevundimonas huaxiensis,0.1731806993484497,Acinetobacter oryzae,0.10140173137187958,0.14554277062416077,2.5964109897613525
oof,Ralstonia pickettii|IMG_20251227_095024,Ralstonia pickettii,IMG_20251227_095024,train,6,Ralstonia pickettii,Ralstonia pickettii,True,0.3194524347782135,Stenotrophomonas maltophilia,0.1000375896692276,Enterobacter quasihormaechei,0.04304254800081253,0.2194148451089859,2.9227302074432373
oof,Ralstonia pickettii|IMG_20251227_095032,Ralstonia pickettii,IMG_20251227_095032,train,5,Ralstonia pickettii,Ralstonia pickettii,True,0.6666940450668335,Pseudescherichia vulneris,0.17228302359580994,Bacillus pumilus,0.036378711462020874,0.49441102147102356,1.3664186000823975
oof,Ralstonia pickettii|IMG_20251227_095053,Ralstonia pickettii,IMG_20251227_095053,train,3,Ralstonia pickettii,Ralstonia pickettii,True,0.11424271762371063,Priestia megaterium,0.08897185325622559,Stenotrophomonas pavanii,0.06623920798301697,0.025270864367485046,3.318661689758301
oof,Ralstonia pickettii|IMG_20251227_095122,Ralstonia pickettii,IMG_20251227_095122,train,4,Ralstonia pickettii,Ralstonia pickettii,True,0.5265200138092041,Stenotrophomonas maltophilia,0.05855419859290123,Serratia marcescens,0.0370776429772377,0.4679658114910126,2.320775270462036
oof,Ralstonia pickettii|IMG_20251227_095132,Ralstonia pickettii,IMG_20251227_095132,train,6,Ralstonia pickettii,Ralstonia pickettii,True,0.6538974046707153,Enterobacter quasihormaechei,0.12858706712722778,Pseudescherichia vulneris,0.02786433696746826,0.5253103375434875,1.6071184873580933
oof,Ralstonia pickettii|IMG_20251227_095139,Ralstonia pickettii,IMG_20251227_095139,train,7,Ralstonia pickettii,Ralstonia pickettii,True,0.8130707740783691,Pseudescherichia vulneris,0.033577267080545425,Enterobacter quasihormaechei,0.011869710870087147,0.779493510723114,1.1125829219818115
oof,Ralstonia pickettii|IMG_20251227_095147,Ralstonia pickettii,IMG_20251227_095147,train,6,Ralstonia pickettii,Ralstonia pickettii,True,0.6201251149177551,Bacillus cereus,0.05471842363476753,Brachybacterium paraconglomeratum,0.032939258962869644,0.5654066801071167,1.9449692964553833
oof,Ralstonia pickettii|IMG_20251227_095201,Ralstonia pickettii,IMG_20251227_095201,train,6,Ralstonia pickettii,Acinetobacter seifertii,False,0.24899622797966003,Brevibacillus agri,0.11372091621160507,Ralstonia pickettii,0.11013858020305634,0.13527530431747437,2.8731088638305664
oof,Ralstonia pickettii|IMG_20251227_095237,Ralstonia pickettii,IMG_20251227_095237,train,6,Ralstonia pickettii,Ralstonia pickettii,True,0.6688822507858276,Stenotrophomonas maltophilia,0.08552920073270798,Pseudescherichia vulneris,0.038730036467313766,0.5833530426025391,1.646045446395874
oof,Ralstonia pickettii|IMG_20251227_095259,Ralstonia pickettii,IMG_20251227_095259,train,4,Ralstonia pickettii,Ralstonia pickettii,True,0.4175870418548584,Stenotrophomonas maltophilia,0.2578214704990387,Serratia marcescens,0.0558510459959507,0.1597655713558197,2.0917179584503174
oof,Ralstonia pickettii|IMG_20251227_095302,Ralstonia pickettii,IMG_20251227_095302,train,5,Ralstonia pickettii,Ralstonia pickettii,True,0.896687388420105,Stenotrophomonas maltophilia,0.01277769636362791,Enterobacter quasihormaechei,0.009567066095769405,0.8839097023010254,0.6731833219528198
oof,Ralstonia pickettii|IMG_20251227_095312,Ralstonia pickettii,IMG_20251227_095312,train,5,Ralstonia pickettii,Ralstonia pickettii,True,0.7750346660614014,Stenotrophomonas maltophilia,0.08975603431463242,Enterobacter quasihormaechei,0.02788122184574604,0.6852786540985107,1.1088124513626099
oof,Ralstonia pickettii|IMG_20251227_095323,Ralstonia pickettii,IMG_20251227_095323,train,8,Ralstonia pickettii,Ralstonia pickettii,True,0.5732660889625549,Pseudescherichia vulneris,0.11469589918851852,Faucicola osloensis,0.11258021742105484,0.4585701823234558,1.805098056793213
oof,Ralstonia pickettii|IMG_20251227_095325,Ralstonia pickettii,IMG_20251227_095325,train,5,Ralstonia pickettii,Ralstonia pickettii,True,0.5492333173751831,Stenotrophomonas maltophilia,0.09762950241565704,Pseudescherichia vulneris,0.09758730232715607,0.45160382986068726,1.9232418537139893
oof,Ralstonia pickettii|IMG_20251227_095500,Ralstonia pickettii,IMG_20251227_095500,train,7,Ralstonia pickettii,Ralstonia pickettii,True,0.42688819766044617,Arthrobacter gandavensis,0.058448221534490585,Stenotrophomonas maltophilia,0.057722773402929306,0.3684399724006653,2.6495368480682373
oof,Ralstonia pickettii|IMG_20251227_095513,Ralstonia pickettii,IMG_20251227_095513,train,3,Ralstonia pickettii,Stenotrophomonas maltophilia,False,0.1981826275587082,Enterobacter quasihormaechei,0.09836848825216293,Brevibacillus agri,0.06256969273090363,0.09981413930654526,3.1796395778656006
oof,Serratia marcescens|IMG_20260303_134041,Serratia marcescens,IMG_20260303_134041,train,6,Serratia marcescens,Serratia marcescens,True,0.3458706736564636,Enterobacter quasihormaechei,0.16142381727695465,Acinetobacter oryzae,0.06045031547546387,0.18444685637950897,2.6259171962738037
oof,Serratia marcescens|IMG_20260303_134042,Serratia marcescens,IMG_20260303_134042,train,5,Serratia marcescens,Enterobacter quasihormaechei,False,0.15379637479782104,Serratia marcescens,0.12668557465076447,Methylorubrum populi,0.08546362817287445,0.02711080014705658,3.1512632369995117
oof,Serratia marcescens|IMG_20260303_134047,Serratia marcescens,IMG_20260303_134047,train,5,Serratia marcescens,Serratia marcescens,True,0.8759868741035461,Acinetobacter oryzae,0.023681292310357094,Pseudescherichia vulneris,0.021070821210741997,0.8523055911064148,0.7371214032173157
oof,Serratia marcescens|IMG_20260303_134049,Serratia marcescens,IMG_20260303_134049,train,7,Serratia marcescens,Serratia marcescens,True,0.4984985291957855,Acinetobacter oryzae,0.06910736858844757,Brevundimonas huaxiensis,0.028604790568351746,0.42939114570617676,2.3859269618988037
oof,Serratia marcescens|IMG_20260303_134050,Serratia marcescens,IMG_20260303_134050,train,6,Serratia marcescens,Serratia marcescens,True,0.4837920069694519,Acinetobacter oryzae,0.2232615351676941,Pseudescherichia vulneris,0.05208048224449158,0.2605304718017578,2.005260944366455
oof,Serratia marcescens|IMG_20260303_134052,Serratia marcescens,IMG_20260303_134052,train,9,Serratia marcescens,Serratia marcescens,True,0.5599057674407959,Acinetobacter oryzae,0.07984527945518494,Pseudomonas parafulva,0.06246760115027428,0.48006048798561096,2.042933464050293
oof,Serratia marcescens|IMG_20260303_134101,Serratia marcescens,IMG_20260303_134101,train,5,Serratia marcescens,Serratia marcescens,True,0.3934849202632904,Brevundimonas huaxiensis,0.0797801986336708,Pseudescherichia vulneris,0.05933166667819023,0.3137047290802002,2.6387431621551514
oof,Serratia marcescens|IMG_20260303_134103,Serratia marcescens,IMG_20260303_134103,train,3,Serratia marcescens,Serratia marcescens,True,0.6484770178794861,Brevundimonas huaxiensis,0.13600020110607147,Bacillus manliponensis,0.06613219529390335,0.5124768018722534,1.397727608680725
oof,Serratia marcescens|IMG_20260303_134106,Serratia marcescens,IMG_20260303_134106,train,3,Serratia marcescens,Serratia marcescens,True,0.42546355724334717,Acinetobacter oryzae,0.06120963394641876,Pseudomonas parafulva,0.0526868999004364,0.3642539381980896,2.5892081260681152
oof,Serratia marcescens|IMG_20260303_134113,Serratia marcescens,IMG_20260303_134113,train,10,Serratia marcescens,Serratia marcescens,True,0.6022046208381653,Acinetobacter oryzae,0.0844198539853096,Aureobasidium melanogenum,0.03595379739999771,0.5177847743034363,1.9204069375991821
oof,Serratia marcescens|IMG_20260303_134116,Serratia marcescens,IMG_20260303_134116,train,10,Serratia marcescens,Serratia marcescens,True,0.6265875697135925,Acinetobacter oryzae,0.10548301786184311,Pseudomonas parafulva,0.06640239804983139,0.5211045742034912,1.6493691205978394
oof,Serratia marcescens|IMG_20260303_134125,Serratia marcescens,IMG_20260303_134125,train,11,Serratia marcescens,Serratia marcescens,True,0.7986079454421997,Acinetobacter oryzae,0.04987163096666336,Acinetobacter seifertii,0.031011292710900307,0.7487363219261169,1.0879379510879517
oof,Serratia marcescens|IMG_20260303_134127,Serratia marcescens,IMG_20260303_134127,train,12,Serratia marcescens,Serratia marcescens,True,0.6174300312995911,Pseudescherichia vulneris,0.0940382182598114,Acinetobacter oryzae,0.0562543086707592,0.523391842842102,1.8103524446487427
oof,Serratia marcescens|IMG_20260303_134129,Serratia marcescens,IMG_20260303_134129,train,12,Serratia marcescens,Serratia marcescens,True,0.5536365509033203,Acinetobacter oryzae,0.1104491576552391,Enterococcus innesii,0.038092974573373795,0.4431873857975006,2.075883626937866
oof,Serratia marcescens|IMG_20260303_134134,Serratia marcescens,IMG_20260303_134134,train,11,Serratia marcescens,Serratia marcescens,True,0.7706635594367981,Acinetobacter oryzae,0.12149639427661896,Aureobasidium melanogenum,0.014357266947627068,0.6491671800613403,1.0545623302459717
oof,Serratia marcescens|IMG_20260303_134136,Serratia marcescens,IMG_20260303_134136,train,11,Serratia marcescens,Serratia marcescens,True,0.7225282192230225,Acinetobacter oryzae,0.04044219106435776,Acinetobacter seifertii,0.030505182221531868,0.6820860505104065,1.5002195835113525
oof,Serratia marcescens|IMG_20260303_134137,Serratia marcescens,IMG_20260303_134137,train,9,Serratia marcescens,Serratia marcescens,True,0.7584053874015808,Acinetobacter oryzae,0.0644042119383812,Staphylococcus epidermidis,0.03816007450222969,0.6940011978149414,1.2565120458602905
oof,Serratia marcescens|IMG_20260303_134139,Serratia marcescens,IMG_20260303_134139,train,10,Serratia marcescens,Serratia marcescens,True,0.6381034851074219,Pseudescherichia vulneris,0.10659238696098328,Acinetobacter oryzae,0.03420591726899147,0.5315110683441162,1.7258540391921997
oof,Serratia marcescens|IMG_20260303_134141,Serratia marcescens,IMG_20260303_134141,train,10,Serratia marcescens,Serratia marcescens,True,0.6422710418701172,Acinetobacter oryzae,0.06688232719898224,Staphylococcus capitis,0.04211633652448654,0.5753887295722961,1.7871650457382202
oof,Serratia marcescens|IMG_20260303_134143,Serratia marcescens,IMG_20260303_134143,train,10,Serratia marcescens,Serratia marcescens,True,0.8545399904251099,Acinetobacter oryzae,0.05309494212269783,Staphylococcus epidermidis,0.008427605032920837,0.8014450669288635,0.8335988521575928
oof,Serratia marcescens|IMG_20260303_134146,Serratia marcescens,IMG_20260303_134146,train,11,Serratia marcescens,Serratia marcescens,True,0.7932681441307068,Pseudomonas parafulva,0.04182162508368492,Acinetobacter oryzae,0.029278185218572617,0.751446545124054,1.1461361646652222
oof,Sphingomonas leidyi|IMG_20251229_171107,Sphingomonas leidyi,IMG_20251229_171107,train,4,Sphingomonas leidyi,Ralstonia pickettii,False,0.49757295846939087,Stenotrophomonas maltophilia,0.07496163249015808,Enterobacter quasihormaechei,0.0714588314294815,0.4226113259792328,2.272839069366455
oof,Sphingomonas leidyi|IMG_20251229_171146,Sphingomonas leidyi,IMG_20251229_171146,train,7,Sphingomonas leidyi,Enterobacter quasihormaechei,False,0.18758270144462585,Ralstonia pickettii,0.1077481061220169,Staphylococcus capitis,0.08746672421693802,0.07983459532260895,3.0642638206481934
oof,Sphingomonas leidyi|IMG_20251229_171212,Sphingomonas leidyi,IMG_20251229_171212,train,5,Sphingomonas leidyi,Stenotrophomonas maltophilia,False,0.23074468970298767,Pseudescherichia vulneris,0.11315468698740005,Enterobacter quasihormaechei,0.09049718081951141,0.11759000271558762,2.993684768676758
oof,Sphingomonas leidyi|IMG_20251229_171229,Sphingomonas leidyi,IMG_20251229_171229,train,8,Sphingomonas leidyi,Staphylococcus capitis,False,0.23604217171669006,Enterobacter quasihormaechei,0.21449552476406097,Ralstonia pickettii,0.0834832414984703,0.02154664695262909,2.636876106262207
oof,Sphingomonas leidyi|IMG_20251229_171317,Sphingomonas leidyi,IMG_20251229_171317,train,3,Sphingomonas leidyi,Ralstonia pickettii,False,0.10276111215353012,Sphingomonas leidyi,0.09602049738168716,Pseudomonas parafulva,0.0953684151172638,0.0067406147718429565,3.2326819896698
oof,Staphylococcus capitis|IMG_20251225_142859,Staphylococcus capitis,IMG_20251225_142859,train,12,Staphylococcus capitis,Staphylococcus capitis,True,0.7083314061164856,Staphylococcus taiwanensis,0.21472246944904327,Staphylococcus epidermidis,0.020081600174307823,0.4936089515686035,1.0103615522384644
oof,Staphylococcus capitis|IMG_20251225_142919,Staphylococcus capitis,IMG_20251225_142919,train,12,Staphylococcus capitis,Staphylococcus capitis,True,0.719311535358429,Staphylococcus taiwanensis,0.12178853154182434,Staphylococcus epidermidis,0.0566643588244915,0.5975229740142822,1.2431687116622925
oof,Staphylococcus capitis|IMG_20251225_142924,Staphylococcus capitis,IMG_20251225_142924,train,12,Staphylococcus capitis,Staphylococcus capitis,True,0.6529012322425842,Staphylococcus taiwanensis,0.12831763923168182,Staphylococcus epidermidis,0.06904252618551254,0.5245835781097412,1.5301966667175293
oof,Staphylococcus capitis|IMG_20251225_143023,Staphylococcus capitis,IMG_20251225_143023,train,12,Staphylococcus capitis,Staphylococcus capitis,True,0.7085445523262024,Staphylococcus epidermidis,0.16292595863342285,Staphylococcus taiwanensis,0.08717409521341324,0.5456185936927795,1.0276198387145996
oof,Staphylococcus capitis|IMG_20251225_143044,Staphylococcus capitis,IMG_20251225_143044,train,9,Staphylococcus capitis,Staphylococcus capitis,True,0.17989103496074677,Methylorubrum populi,0.10314453393220901,Aureobasidium melanogenum,0.08517298847436905,0.07674650102853775,3.2038369178771973
oof,Staphylococcus capitis|IMG_20251225_143052,Staphylococcus capitis,IMG_20251225_143052,train,12,Staphylococcus capitis,Staphylococcus capitis,True,0.21189840137958527,Staphylococcus epidermidis,0.08765804767608643,Staphylococcus taiwanensis,0.07227148115634918,0.12424035370349884,3.1862947940826416
oof,Staphylococcus capitis|IMG_20251225_143208,Staphylococcus capitis,IMG_20251225_143208,train,7,Staphylococcus capitis,Staphylococcus capitis,True,0.5655178427696228,Staphylococcus taiwanensis,0.15378162264823914,Staphylococcus epidermidis,0.08672361075878143,0.41173622012138367,1.8103972673416138
oof,Staphylococcus capitis|IMG_20251225_143305,Staphylococcus capitis,IMG_20251225_143305,train,11,Staphylococcus capitis,Staphylococcus capitis,True,0.8144677877426147,Staphylococcus epidermidis,0.10496514290571213,Staphylococcus taiwanensis,0.016886619850993156,0.709502637386322,0.850706934928894
oof,Staphylococcus capitis|IMG_20251225_143317,Staphylococcus capitis,IMG_20251225_143317,train,10,Staphylococcus capitis,Staphylococcus capitis,True,0.8965784907341003,Staphylococcus epidermidis,0.048088133335113525,Staphylococcus ureilyticu,0.017164459452033043,0.8484903573989868,0.5550583600997925
oof,Staphylococcus capitis|IMG_20251225_143320,Staphylococcus capitis,IMG_20251225_143320,train,10,Staphylococcus capitis,Staphylococcus capitis,True,0.8057629466056824,Staphylococcus epidermidis,0.04469816014170647,Staphylococcus taiwanensis,0.040560659021139145,0.7610647678375244,1.0456892251968384
oof,Staphylococcus capitis|IMG_20251225_143323,Staphylococcus capitis,IMG_20251225_143323,train,8,Staphylococcus capitis,Staphylococcus capitis,True,0.8856210112571716,Staphylococcus taiwanensis,0.06918081641197205,Staphylococcus epidermidis,0.010461676865816116,0.816440224647522,0.5693986415863037
oof,Staphylococcus cohnii|IMG_20251227_095848,Staphylococcus cohnii,IMG_20251227_095848,train,12,Staphylococcus cohnii,Staphylococcus cohnii,True,0.7828361392021179,Staphylococcus taiwanensis,0.11676863580942154,Acinetobacter seifertii,0.021745342761278152,0.6660674810409546,0.9816405177116394
oof,Staphylococcus cohnii|IMG_20251227_095912,Staphylococcus cohnii,IMG_20251227_095912,train,11,Staphylococcus cohnii,Staphylococcus cohnii,True,0.4143006205558777,Staphylococcus taiwanensis,0.11158270388841629,Staphylococcus epidermidis,0.1079477071762085,0.302717924118042,2.3006293773651123
oof,Staphylococcus cohnii|IMG_20251227_095922,Staphylococcus cohnii,IMG_20251227_095922,train,12,Staphylococcus cohnii,Staphylococcus cohnii,True,0.7387528419494629,Staphylococcus petrasii,0.07134997099637985,Staphylococcus taiwanensis,0.03138751909136772,0.6674028635025024,1.332179069519043
oof,Staphylococcus cohnii|IMG_20251227_095933,Staphylococcus cohnii,IMG_20251227_095933,train,12,Staphylococcus cohnii,Staphylococcus cohnii,True,0.5874286890029907,Staphylococcus taiwanensis,0.16780789196491241,Aureobasidium melanogenum,0.027754798531532288,0.4196208119392395,1.761840581893921
oof,Staphylococcus cohnii|IMG_20251227_095937,Staphylococcus cohnii,IMG_20251227_095937,train,12,Staphylococcus cohnii,Staphylococcus cohnii,True,0.621804416179657,Staphylococcus taiwanensis,0.0735788568854332,Bacillus pumilus,0.038205258548259735,0.5482255816459656,1.9050933122634888
oof,Staphylococcus cohnii|IMG_20251227_095945,Staphylococcus cohnii,IMG_20251227_095945,train,12,Staphylococcus cohnii,Staphylococcus cohnii,True,0.651435136795044,Staphylococcus taiwanensis,0.16308452188968658,Aureobasidium melanogenum,0.015888111665844917,0.48835062980651855,1.5250194072723389
oof,Staphylococcus cohnii|IMG_20251227_100002,Staphylococcus cohnii,IMG_20251227_100002,train,11,Staphylococcus cohnii,Staphylococcus cohnii,True,0.8071269989013672,Staphylococcus taiwanensis,0.03981451690196991,Staphylococcus capitis,0.024128645658493042,0.7673124670982361,1.0530450344085693
oof,Staphylococcus cohnii|IMG_20251227_100040,Staphylococcus cohnii,IMG_20251227_100040,train,8,Staphylococcus cohnii,Staphylococcus cohnii,True,0.9466693997383118,Staphylococcus taiwanensis,0.011847982183098793,Staphylococcus petrasii,0.004716099705547094,0.9348214268684387,0.3736809492111206
oof,Staphylococcus cohnii|IMG_20251227_100056,Staphylococcus cohnii,IMG_20251227_100056,train,9,Staphylococcus cohnii,Staphylococcus cohnii,True,0.8807806372642517,Faucicola osloensis,0.07120004296302795,Staphylococcus taiwanensis,0.005730852019041777,0.8095805644989014,0.6108468770980835
oof,Staphylococcus cohnii|IMG_20251227_100116,Staphylococcus cohnii,IMG_20251227_100116,train,4,Staphylococcus cohnii,Staphylococcus cohnii,True,0.35756629705429077,Faucicola osloensis,0.0661984533071518,Staphylococcus petrasii,0.052751801908016205,0.2913678288459778,2.8077712059020996
oof,Staphylococcus cohnii|IMG_20251227_100145,Staphylococcus cohnii,IMG_20251227_100145,train,8,Staphylococcus cohnii,Staphylococcus cohnii,True,0.6079954504966736,Staphylococcus epidermidis,0.03902549669146538,Staphylococcus petrasii,0.032086245715618134,0.5689699649810791,2.036207675933838
oof,Staphylococcus cohnii|IMG_20251227_100219,Staphylococcus cohnii,IMG_20251227_100219,train,11,Staphylococcus cohnii,Staphylococcus cohnii,True,0.6246960759162903,Staphylococcus roterodami,0.06892706453800201,Staphylococcus petrasii,0.057356856763362885,0.5557690262794495,1.8202496767044067
oof,Staphylococcus cohnii|IMG_20251227_100238,Staphylococcus cohnii,IMG_20251227_100238,train,10,Staphylococcus cohnii,Staphylococcus cohnii,True,0.5528973340988159,Staphylococcus epidermidis,0.03751407191157341,Priestia megaterium,0.03655913472175598,0.515383243560791,2.252159833908081
oof,Staphylococcus epidermidis|IMG_20251224_135734,Staphylococcus epidermidis,IMG_20251224_135734,train,8,Staphylococcus epidermidis,Staphylococcus epidermidis,True,0.23909710347652435,Bacillus cereus,0.13141275942325592,Staphylococcus cohnii,0.10750988125801086,0.10768434405326843,2.9614875316619873
oof,Staphylococcus epidermidis|IMG_20251224_135847,Staphylococcus epidermidis,IMG_20251224_135847,train,7,Staphylococcus epidermidis,Staphylococcus epidermidis,True,0.5356408953666687,Staphylococcus cohnii,0.11741477251052856,Staphylococcus taiwanensis,0.0768100693821907,0.41822612285614014,2.015702962875366
oof,Staphylococcus epidermidis|IMG_20251224_135923,Staphylococcus epidermidis,IMG_20251224_135923,train,12,Staphylococcus epidermidis,Staphylococcus epidermidis,True,0.8596922159194946,Staphylococcus capitis,0.03659413382411003,Chryseobacterium hagamense,0.02229391038417816,0.8230980634689331,0.8104870915412903
oof,Staphylococcus epidermidis|IMG_20251224_135957,Staphylococcus epidermidis,IMG_20251224_135957,train,12,Staphylococcus epidermidis,Staphylococcus epidermidis,True,0.7562227845191956,Staphylococcus taiwanensis,0.09399531781673431,Staphylococcus capitis,0.05448869988322258,0.6622274518013,1.1461139917373657
oof,Staphylococcus epidermidis|IMG_20251224_140005,Staphylococcus epidermidis,IMG_20251224_140005,train,12,Staphylococcus epidermidis,Staphylococcus epidermidis,True,0.7216886281967163,Staphylococcus capitis,0.03169296309351921,Staphylococcus taiwanensis,0.02919217385351658,0.6899956464767456,1.5150963068008423
oof,Staphylococcus epidermidis|IMG_20251224_140107,Staphylococcus epidermidis,IMG_20251224_140107,train,12,Staphylococcus epidermidis,Staphylococcus epidermidis,True,0.9120092988014221,Bacillus cereus,0.03677178919315338,Staphylococcus capitis,0.013338572345674038,0.8752375245094299,0.5145168900489807
oof,Staphylococcus epidermidis|IMG_20251224_140159,Staphylococcus epidermidis,IMG_20251224_140159,train,12,Staphylococcus epidermidis,Staphylococcus epidermidis,True,0.8161744475364685,Brevundimonas huaxiensis,0.026789067313075066,Chryseobacterium hagamense,0.020114297047257423,0.7893853783607483,1.0412191152572632
oof,Staphylococcus epidermidis|IMG_20251224_140203,Staphylococcus epidermidis,IMG_20251224_140203,train,12,Staphylococcus epidermidis,Staphylococcus epidermidis,True,0.8861566781997681,Staphylococcus petrasii,0.07070470601320267,Bacillus cereus,0.011174442246556282,0.815451979637146,0.5591910481452942
oof,Staphylococcus epidermidis|IMG_20251224_140240,Staphylococcus epidermidis,IMG_20251224_140240,train,12,Staphylococcus epidermidis,Staphylococcus epidermidis,True,0.9151549339294434,Chryseobacterium hagamense,0.012069436721503735,Staphylococcus taiwanensis,0.011761258356273174,0.903085470199585,0.5620844960212708
oof,Staphylococcus epidermidis|IMG_20251224_140246,Staphylococcus epidermidis,IMG_20251224_140246,train,12,Staphylococcus epidermidis,Staphylococcus epidermidis,True,0.7351693511009216,Staphylococcus capitis,0.07436199486255646,Staphylococcus taiwanensis,0.06517945975065231,0.6608073711395264,1.2277227640151978
oof,Staphylococcus epidermidis|IMG_20251224_140345,Staphylococcus epidermidis,IMG_20251224_140345,train,12,Staphylococcus epidermidis,Staphylococcus epidermidis,True,0.44758445024490356,Enterobacter quasihormaechei,0.08689633011817932,Staphylococcus taiwanensis,0.053046081215143204,0.36068812012672424,2.4868075847625732
oof,Staphylococcus epidermidis|IMG_20251224_140420,Staphylococcus epidermidis,IMG_20251224_140420,train,11,Staphylococcus epidermidis,Staphylococcus epidermidis,True,0.8093733787536621,Staphylococcus capitis,0.029368164017796516,Staphylococcus taiwanensis,0.020497122779488564,0.7800052165985107,1.1128712892532349
oof,Staphylococcus epidermidis|IMG_20251224_140430,Staphylococcus epidermidis,IMG_20251224_140430,train,10,Staphylococcus epidermidis,Staphylococcus epidermidis,True,0.7290453910827637,Staphylococcus roterodami,0.06198929622769356,Staphylococcus capitis,0.05383571982383728,0.6670560836791992,1.3803519010543823
oof,Staphylococcus epidermidis|IMG_20251224_140442,Staphylococcus epidermidis,IMG_20251224_140442,train,12,Staphylococcus epidermidis,Staphylococcus epidermidis,True,0.6220317482948303,Brevibacillus agri,0.023345187306404114,Staphylococcus taiwanensis,0.02138589136302471,0.5986865758895874,2.0198757648468018
oof,Staphylococcus epidermidis|IMG_20251224_140515,Staphylococcus epidermidis,IMG_20251224_140515,train,12,Staphylococcus epidermidis,Staphylococcus epidermidis,True,0.6645306944847107,Staphylococcus capitis,0.05919879302382469,Staphylococcus taiwanensis,0.03890734910964966,0.6053318977355957,1.698226809501648
oof,Staphylococcus petrasii|IMG_20251224_135205,Staphylococcus petrasii,IMG_20251224_135205,train,10,Staphylococcus petrasii,Staphylococcus petrasii,True,0.2736004889011383,Staphylococcus cohnii,0.2716711461544037,Staphylococcus taiwanensis,0.12100212275981903,0.0019293427467346191,2.4590961933135986
oof,Staphylococcus petrasii|IMG_20251224_135320,Staphylococcus petrasii,IMG_20251224_135320,train,9,Staphylococcus petrasii,Staphylococcus petrasii,True,0.37484487891197205,Staphylococcus cohnii,0.23810942471027374,Staphylococcus roterodami,0.11982854455709457,0.1367354542016983,2.144228219985962
oof,Staphylococcus petrasii|IMG_20251224_135355,Staphylococcus petrasii,IMG_20251224_135355,train,9,Staphylococcus petrasii,Staphylococcus taiwanensis,False,0.2068149894475937,Staphylococcus petrasii,0.20425227284431458,Staphylococcus roterodami,0.12141208350658417,0.0025627166032791138,2.790555953979492
oof,Staphylococcus petrasii|IMG_20251224_135418,Staphylococcus petrasii,IMG_20251224_135418,train,7,Staphylococcus petrasii,Staphylococcus petrasii,True,0.4144361913204193,Staphylococcus taiwanensis,0.2929058074951172,Staphylococcus roterodami,0.033154573291540146,0.12153038382530212,2.052748680114746
oof,Staphylococcus petrasii|IMG_20251224_135506,Staphylococcus petrasii,IMG_20251224_135506,train,8,Staphylococcus petrasii,Staphylococcus taiwanensis,False,0.3778730630874634,Staphylococcus petrasii,0.23377449810504913,Staphylococcus epidermidis,0.05434525012969971,0.14409856498241425,2.37447190284729
oof,Staphylococcus petrasii|IMG_20251224_135552,Staphylococcus petrasii,IMG_20251224_135552,train,7,Staphylococcus petrasii,Staphylococcus petrasii,True,0.2091401070356369,Staphylococcus taiwanensis,0.2051747888326645,Staphylococcus epidermidis,0.10470517724752426,0.003965318202972412,2.7026407718658447
oof,Staphylococcus roterodami|IMG_20251222_132927,Staphylococcus roterodami,IMG_20251222_132927,train,5,Staphylococcus roterodami,Staphylococcus roterodami,True,0.7035424709320068,Bacillus infantis,0.04746376350522041,Brevibacillus agri,0.021809229627251625,0.6560786962509155,1.613075852394104
oof,Staphylococcus roterodami|IMG_20251222_132934,Staphylococcus roterodami,IMG_20251222_132934,train,8,Staphylococcus roterodami,Staphylococcus roterodami,True,0.8713416457176208,Arthrobacter gandavensis,0.02848987840116024,Brevibacillus agri,0.019074691459536552,0.8428517580032349,0.7722269892692566
oof,Staphylococcus roterodami|IMG_20251222_132943,Staphylococcus roterodami,IMG_20251222_132943,train,8,Staphylococcus roterodami,Staphylococcus roterodami,True,0.8888383507728577,Arthrobacter gandavensis,0.022563248872756958,Staphylococcus taiwanensis,0.02031533233821392,0.8662750720977783,0.6782428026199341
oof,Staphylococcus roterodami|IMG_20251222_133000,Staphylococcus roterodami,IMG_20251222_133000,train,10,Staphylococcus roterodami,Staphylococcus roterodami,True,0.5053171515464783,Staphylococcus taiwanensis,0.1016148030757904,Bacillus pumilus,0.031937409192323685,0.40370234847068787,2.3280630111694336
oof,Staphylococcus roterodami|IMG_20251222_133004,Staphylococcus roterodami,IMG_20251222_133004,train,7,Staphylococcus roterodami,Staphylococcus roterodami,True,0.4144428074359894,Staphylococcus taiwanensis,0.1313939243555069,Staphylococcus cohnii,0.06838077306747437,0.2830488681793213,2.548616886138916
oof,Staphylococcus roterodami|IMG_20251222_133032,Staphylococcus roterodami,IMG_20251222_133032,train,7,Staphylococcus roterodami,Staphylococcus roterodami,True,0.8224745988845825,Staphylococcus taiwanensis,0.08409494906663895,Staphylococcus epidermidis,0.011076207272708416,0.7383796572685242,0.9109469056129456
oof,Staphylococcus roterodami|IMG_20251222_133043,Staphylococcus roterodami,IMG_20251222_133043,train,11,Staphylococcus roterodami,Staphylococcus roterodami,True,0.832157552242279,Bacillus cereus,0.08648628741502762,Chryseobacterium hagamense,0.019435612484812737,0.745671272277832,0.8068526983261108
oof,Staphylococcus roterodami|IMG_20251222_133109,Staphylococcus roterodami,IMG_20251222_133109,train,8,Staphylococcus roterodami,Staphylococcus roterodami,True,0.9180202484130859,Staphylococcus epidermidis,0.03001473844051361,Bacillus cabrialesii,0.010418775491416454,0.8880054950714111,0.4937728941440582
oof,Staphylococcus roterodami|IMG_20251222_133128,Staphylococcus roterodami,IMG_20251222_133128,train,10,Staphylococcus roterodami,Staphylococcus roterodami,True,0.7020797729492188,Staphylococcus petrasii,0.03196419030427933,Micrococcus yunnanensis,0.024794725701212883,0.67011559009552,1.6289527416229248
oof,Staphylococcus roterodami|IMG_20251222_133143,Staphylococcus roterodami,IMG_20251222_133143,train,11,Staphylococcus roterodami,Staphylococcus roterodami,True,0.7892410755157471,Staphylococcus taiwanensis,0.04759910702705383,Arthrobacter gandavensis,0.016589181497693062,0.7416419982910156,1.1965030431747437
oof,Staphylococcus roterodami|IMG_20251222_133203,Staphylococcus roterodami,IMG_20251222_133203,train,11,Staphylococcus roterodami,Staphylococcus roterodami,True,0.8115978240966797,Staphylococcus cohnii,0.060679033398628235,Staphylococcus taiwanensis,0.01980694942176342,0.7509188055992126,1.0133388042449951
oof,Staphylococcus roterodami|IMG_20251222_133236,Staphylococcus roterodami,IMG_20251222_133236,train,8,Staphylococcus roterodami,Staphylococcus roterodami,True,0.6753026843070984,Bacillus cereus,0.05366894602775574,Bacillus subtilis,0.04407978802919388,0.621633768081665,1.6837364435195923
oof,Staphylococcus roterodami|IMG_20251222_133305,Staphylococcus roterodami,IMG_20251222_133305,train,9,Staphylococcus roterodami,Staphylococcus roterodami,True,0.6721470952033997,Staphylococcus taiwanensis,0.12810830771923065,Brevundimonas huaxiensis,0.03426893800497055,0.5440387725830078,1.4913166761398315
oof,Staphylococcus roterodami|IMG_20251222_133318,Staphylococcus roterodami,IMG_20251222_133318,train,10,Staphylococcus roterodami,Staphylococcus roterodami,True,0.7818002700805664,Staphylococcus taiwanensis,0.08011465519666672,Staphylococcus capitis,0.01840870827436447,0.7016856074333191,1.138395071029663
oof,Staphylococcus roterodami|IMG_20251222_133325,Staphylococcus roterodami,IMG_20251222_133325,train,9,Staphylococcus roterodami,Staphylococcus roterodami,True,0.7895161509513855,Staphylococcus taiwanensis,0.04770287498831749,Brevundimonas huaxiensis,0.040557362139225006,0.7418133020401001,1.0986279249191284
oof,Staphylococcus roterodami|IMG_20251222_133502,Staphylococcus roterodami,IMG_20251222_133502,train,9,Staphylococcus roterodami,Staphylococcus roterodami,True,0.5930789113044739,Bacillus pumilus,0.11375679075717926,Brevundimonas huaxiensis,0.03528674691915512,0.4793221354484558,1.8380712270736694
oof,Staphylococcus roterodami|IMG_20251222_133520,Staphylococcus roterodami,IMG_20251222_133520,train,7,Staphylococcus roterodami,Staphylococcus roterodami,True,0.7019093036651611,Staphylococcus taiwanensis,0.13017979264259338,Stenotrophomonas pavanii,0.02810833975672722,0.5717295408248901,1.3682857751846313
oof,Staphylococcus roterodami|IMG_20251222_133534,Staphylococcus roterodami,IMG_20251222_133534,train,10,Staphylococcus roterodami,Staphylococcus roterodami,True,0.5843133330345154,Staphylococcus petrasii,0.10347910970449448,Priestia megaterium,0.05428944528102875,0.4808342158794403,1.8775819540023804
oof,Staphylococcus roterodami|IMG_20251222_133604,Staphylococcus roterodami,IMG_20251222_133604,train,10,Staphylococcus roterodami,Staphylococcus roterodami,True,0.45528000593185425,Bacillus pumilus,0.1078113541007042,Staphylococcus cohnii,0.05519653484225273,0.34746864438056946,2.4291508197784424
oof,Staphylococcus taiwanensis|IMG_20251222_140252,Staphylococcus taiwanensis,IMG_20251222_140252,train,12,Staphylococcus taiwanensis,Staphylococcus cohnii,False,0.37526050209999084,Staphylococcus taiwanensis,0.23138989508152008,Staphylococcus petrasii,0.0949721708893776,0.14387060701847076,2.2629027366638184
oof,Staphylococcus taiwanensis|IMG_20251222_140311,Staphylococcus taiwanensis,IMG_20251222_140311,train,12,Staphylococcus taiwanensis,Staphylococcus taiwanensis,True,0.7623168230056763,Staphylococcus cohnii,0.12701177597045898,Staphylococcus petrasii,0.017467515543103218,0.6353050470352173,1.0691362619400024
oof,Staphylococcus taiwanensis|IMG_20251222_140317,Staphylococcus taiwanensis,IMG_20251222_140317,train,11,Staphylococcus taiwanensis,Staphylococcus taiwanensis,True,0.40784120559692383,Staphylococcus cohnii,0.3316159248352051,Staphylococcus roterodami,0.04841974005103111,0.07622528076171875,1.8991812467575073
oof,Staphylococcus taiwanensis|IMG_20251222_140320,Staphylococcus taiwanensis,IMG_20251222_140320,train,10,Staphylococcus taiwanensis,Staphylococcus taiwanensis,True,0.5919998288154602,Staphylococcus cohnii,0.16784143447875977,Aureobasidium melanogenum,0.05264030024409294,0.42415839433670044,1.6309794187545776
oof,Staphylococcus taiwanensis|IMG_20251222_140322,Staphylococcus taiwanensis,IMG_20251222_140322,train,9,Staphylococcus taiwanensis,Staphylococcus taiwanensis,True,0.6169827580451965,Staphylococcus cohnii,0.19901886582374573,Brachybacterium paraconglomeratum,0.023803485557436943,0.4179638922214508,1.5183320045471191
oof,Staphylococcus taiwanensis|IMG_20251222_140325,Staphylococcus taiwanensis,IMG_20251222_140325,train,8,Staphylococcus taiwanensis,Staphylococcus taiwanensis,True,0.5906205177307129,Staphylococcus cohnii,0.1984637975692749,Staphylococcus petrasii,0.024374723434448242,0.392156720161438,1.6560148000717163
oof,Staphylococcus taiwanensis|IMG_20251222_140329,Staphylococcus taiwanensis,IMG_20251222_140329,train,8,Staphylococcus taiwanensis,Staphylococcus taiwanensis,True,0.8176422119140625,Staphylococcus capitis,0.05996866524219513,Staphylococcus epidermidis,0.022271813824772835,0.7576735615730286,0.9835342764854431
oof,Staphylococcus taiwanensis|IMG_20251222_140332,Staphylococcus taiwanensis,IMG_20251222_140332,train,11,Staphylococcus taiwanensis,Staphylococcus taiwanensis,True,0.8117485642433167,Acinetobacter seifertii,0.029411591589450836,Staphylococcus epidermidis,0.026623228564858437,0.782336950302124,1.0701472759246826
oof,Staphylococcus taiwanensis|IMG_20251222_140338,Staphylococcus taiwanensis,IMG_20251222_140338,train,11,Staphylococcus taiwanensis,Staphylococcus taiwanensis,True,0.69742751121521,Staphylococcus epidermidis,0.05915532261133194,Staphylococcus cohnii,0.02372833713889122,0.6382721662521362,1.5631470680236816
oof,Staphylococcus taiwanensis|IMG_20251222_140402,Staphylococcus taiwanensis,IMG_20251222_140402,train,12,Staphylococcus taiwanensis,Staphylococcus taiwanensis,True,0.7385870218276978,Staphylococcus roterodami,0.04070720076560974,Pantoea ananatis,0.03776656091213226,0.6978797912597656,1.3919273614883423
oof,Staphylococcus taiwanensis|IMG_20251222_140403,Staphylococcus taiwanensis,IMG_20251222_140403,train,12,Staphylococcus taiwanensis,Staphylococcus taiwanensis,True,0.7435581088066101,Staphylococcus roterodami,0.049882471561431885,Staphylococcus epidermidis,0.046165790408849716,0.6936756372451782,1.240465521812439
oof,Staphylococcus taiwanensis|IMG_20251222_140411,Staphylococcus taiwanensis,IMG_20251222_140411,train,11,Staphylococcus taiwanensis,Staphylococcus taiwanensis,True,0.7779718041419983,Staphylococcus petrasii,0.09838183224201202,Staphylococcus epidermidis,0.04021440073847771,0.6795899868011475,1.0244849920272827
oof,Staphylococcus taiwanensis|IMG_20251222_140418,Staphylococcus taiwanensis,IMG_20251222_140418,train,11,Staphylococcus taiwanensis,Staphylococcus taiwanensis,True,0.800156831741333,Staphylococcus roterodami,0.05547843873500824,Staphylococcus capitis,0.0442044660449028,0.7446783781051636,0.9624361991882324
oof,Staphylococcus taiwanensis|IMG_20251222_140422,Staphylococcus taiwanensis,IMG_20251222_140422,train,12,Staphylococcus taiwanensis,Staphylococcus taiwanensis,True,0.8476121425628662,Staphylococcus epidermidis,0.04153016209602356,Staphylococcus petrasii,0.022364608943462372,0.806082010269165,0.8353971838951111
oof,Staphylococcus taiwanensis|IMG_20251222_140450,Staphylococcus taiwanensis,IMG_20251222_140450,train,7,Staphylococcus taiwanensis,Staphylococcus taiwanensis,True,0.33207935094833374,Staphylococcus epidermidis,0.269307941198349,Staphylococcus roterodami,0.08451467007398605,0.06277140974998474,2.3609232902526855
oof,Staphylococcus taiwanensis|IMG_20251222_140454,Staphylococcus taiwanensis,IMG_20251222_140454,train,11,Staphylococcus taiwanensis,Staphylococcus taiwanensis,True,0.669034481048584,Staphylococcus capitis,0.06842341274023056,Staphylococcus roterodami,0.0660778060555458,0.6006110906600952,1.5175925493240356
oof,Staphylococcus taiwanensis|IMG_20251222_140456,Staphylococcus taiwanensis,IMG_20251222_140456,train,12,Staphylococcus taiwanensis,Staphylococcus taiwanensis,True,0.8026376962661743,Staphylococcus capitis,0.028275631368160248,Staphylococcus epidermidis,0.027781900018453598,0.7743620872497559,1.098071575164795
oof,Staphylococcus taiwanensis|IMG_20251222_140515,Staphylococcus taiwanensis,IMG_20251222_140515,train,3,Staphylococcus taiwanensis,Staphylococcus taiwanensis,True,0.4105440378189087,Staphylococcus capitis,0.09123808145523071,Aureobasidium melanogenum,0.08310675621032715,0.319305956363678,2.463963270187378
oof,Staphylococcus taiwanensis|IMG_20251222_140521,Staphylococcus taiwanensis,IMG_20251222_140521,train,9,Staphylococcus taiwanensis,Staphylococcus taiwanensis,True,0.5595043301582336,Staphylococcus epidermidis,0.1419180929660797,Staphylococcus roterodami,0.07914356887340546,0.41758623719215393,1.8911768198013306
oof,Staphylococcus ureilyticu|IMG_20251219_162013,Staphylococcus ureilyticu,IMG_20251219_162013,train,10,Staphylococcus ureilyticu,Staphylococcus ureilyticu,True,0.9862395524978638,Serratia marcescens,0.003123930189758539,Kocuria rhizophila,0.0010558041976764798,0.9831156134605408,0.11725914478302002
oof,Staphylococcus ureilyticu|IMG_20251219_162017,Staphylococcus ureilyticu,IMG_20251219_162017,train,9,Staphylococcus ureilyticu,Staphylococcus ureilyticu,True,0.9205047488212585,Bacillus cereus,0.012186274863779545,Staphylococcus roterodami,0.00550947617739439,0.9083184599876404,0.5513980984687805
oof,Staphylococcus ureilyticu|IMG_20251219_162021,Staphylococcus ureilyticu,IMG_20251219_162021,train,11,Staphylococcus ureilyticu,Staphylococcus ureilyticu,True,0.9815102815628052,Chryseobacterium indologenes,0.002406455809250474,Staphylococcus cohnii,0.001286290935240686,0.9791038036346436,0.1552790403366089
oof,Staphylococcus ureilyticu|IMG_20251219_162025,Staphylococcus ureilyticu,IMG_20251219_162025,train,12,Staphylococcus ureilyticu,Staphylococcus ureilyticu,True,0.9578826427459717,Bacillus cereus,0.0063605476170778275,Staphylococcus roterodami,0.005393420811742544,0.9515221118927002,0.30674007534980774
oof,Staphylococcus ureilyticu|IMG_20251219_162029,Staphylococcus ureilyticu,IMG_20251219_162029,train,9,Staphylococcus ureilyticu,Staphylococcus ureilyticu,True,0.9852251410484314,Bacillus thuringiensis,0.0018866517348214984,Staphylococcus cohnii,0.001151388045400381,0.983338475227356,0.1276026964187622
oof,Staphylococcus ureilyticu|IMG_20251219_162032,Staphylococcus ureilyticu,IMG_20251219_162032,train,7,Staphylococcus ureilyticu,Staphylococcus ureilyticu,True,0.9618141055107117,Staphylococcus capitis,0.019012410193681717,Staphylococcus cohnii,0.0025460480246692896,0.9428017139434814,0.2540985643863678
oof,Staphylococcus ureilyticu|IMG_20251219_162040,Staphylococcus ureilyticu,IMG_20251219_162040,train,9,Staphylococcus ureilyticu,Staphylococcus ureilyticu,True,0.8018454313278198,Bacillus haynesii,0.020276101306080818,Acinetobacter seifertii,0.01975054107606411,0.7815693020820618,1.158038854598999
oof,Staphylococcus ureilyticu|IMG_20251219_162045,Staphylococcus ureilyticu,IMG_20251219_162045,train,9,Staphylococcus ureilyticu,Staphylococcus ureilyticu,True,0.948531448841095,Kocuria rhizophila,0.015410530380904675,Brevundimonas huaxiensis,0.0035213124938309193,0.9331209063529968,0.35812243819236755
oof,Staphylococcus ureilyticu|IMG_20251219_162059,Staphylococcus ureilyticu,IMG_20251219_162059,train,8,Staphylococcus ureilyticu,Staphylococcus ureilyticu,True,0.9930425882339478,Kocuria rhizophila,0.0008417728240601718,Brevundimonas huaxiensis,0.0006626309477724135,0.9922007918357849,0.06552675366401672
oof,Staphylococcus ureilyticu|IMG_20251219_162105,Staphylococcus ureilyticu,IMG_20251219_162105,train,7,Staphylococcus ureilyticu,Staphylococcus ureilyticu,True,0.7329114675521851,Brevundimonas huaxiensis,0.07535932213068008,Bacillus subtilis,0.024942029267549515,0.6575521230697632,1.3845508098602295
oof,Staphylococcus ureilyticu|IMG_20251219_162113,Staphylococcus ureilyticu,IMG_20251219_162113,train,7,Staphylococcus ureilyticu,Staphylococcus ureilyticu,True,0.9563854336738586,Kocuria rhizophila,0.01298181340098381,Brevundimonas huaxiensis,0.012804037891328335,0.9434036016464233,0.2845831513404846
oof,Staphylococcus ureilyticu|IMG_20251219_162131,Staphylococcus ureilyticu,IMG_20251219_162131,train,10,Staphylococcus ureilyticu,Staphylococcus ureilyticu,True,0.9243983030319214,Brevundimonas huaxiensis,0.025352884083986282,Bacillus subtilis,0.008104723878204823,0.8990454077720642,0.47262507677078247
oof,Staphylococcus ureilyticu|IMG_20251219_162148,Staphylococcus ureilyticu,IMG_20251219_162148,train,6,Staphylococcus ureilyticu,Staphylococcus ureilyticu,True,0.8885279297828674,Staphylococcus taiwanensis,0.015751713886857033,Staphylococcus roterodami,0.009181308560073376,0.872776210308075,0.7284044027328491
oof,Staphylococcus ureilyticu|IMG_20251219_162153,Staphylococcus ureilyticu,IMG_20251219_162153,train,3,Staphylococcus ureilyticu,Staphylococcus ureilyticu,True,0.7985205054283142,Staphylococcus taiwanensis,0.09282680600881577,Staphylococcus roterodami,0.01647747866809368,0.7056937217712402,1.0123331546783447
oof,Staphylococcus ureilyticu|IMG_20251219_162156,Staphylococcus ureilyticu,IMG_20251219_162156,train,8,Staphylococcus ureilyticu,Staphylococcus ureilyticu,True,0.8766154646873474,Bacillus subtilis,0.02834920957684517,Stenotrophomonas pavanii,0.008850370533764362,0.8482662439346313,0.7688475251197815
oof,Staphylococcus ureilyticu|IMG_20251219_162207,Staphylococcus ureilyticu,IMG_20251219_162207,train,5,Staphylococcus ureilyticu,Staphylococcus ureilyticu,True,0.7639803886413574,Stenotrophomonas pavanii,0.06331868469715118,Kocuria rhizophila,0.02318541705608368,0.7006617188453674,1.2485958337783813
oof,Staphylococcus ureilyticu|IMG_20251219_162214,Staphylococcus ureilyticu,IMG_20251219_162214,train,10,Staphylococcus ureilyticu,Staphylococcus ureilyticu,True,0.6901846528053284,Bacillus pumilus,0.04994199424982071,Bacillus cereus,0.036641933023929596,0.6402426362037659,1.655819296836853
oof,Staphylococcus ureilyticu|IMG_20251219_162218,Staphylococcus ureilyticu,IMG_20251219_162218,train,7,Staphylococcus ureilyticu,Staphylococcus ureilyticu,True,0.9155089259147644,Staphylococcus roterodami,0.007752545177936554,Burkholderia arboris,0.006858912296593189,0.9077563881874084,0.5777563452720642
oof,Staphylococcus ureilyticu|IMG_20251219_162225,Staphylococcus ureilyticu,IMG_20251219_162225,train,9,Staphylococcus ureilyticu,Staphylococcus ureilyticu,True,0.7696589827537537,Bacillus cereus,0.05930695682764053,Ralstonia pickettii,0.017361467704176903,0.7103520035743713,1.2595384120941162
oof,Staphylococcus ureilyticu|IMG_20251219_162241,Staphylococcus ureilyticu,IMG_20251219_162241,train,10,Staphylococcus ureilyticu,Staphylococcus ureilyticu,True,0.7201128005981445,Bacillus pumilus,0.06283801048994064,Brevundimonas huaxiensis,0.022564560174942017,0.6572747826576233,1.4756264686584473
oof,Staphylococcus ureilyticu|IMG_20251219_162247,Staphylococcus ureilyticu,IMG_20251219_162247,train,12,Staphylococcus ureilyticu,Staphylococcus ureilyticu,True,0.8347821831703186,Bacillus pumilus,0.03680050000548363,Stenotrophomonas pavanii,0.013682139106094837,0.7979816794395447,0.9674828052520752
oof,Staphylococcus ureilyticu|IMG_20251219_162254,Staphylococcus ureilyticu,IMG_20251219_162254,train,12,Staphylococcus ureilyticu,Staphylococcus ureilyticu,True,0.9585750102996826,Bacillus pumilus,0.009810508228838444,Enterobacter quasihormaechei,0.0025218361988663673,0.9487645030021667,0.3075203001499176
oof,Staphylococcus ureilyticu|IMG_20251219_162258,Staphylococcus ureilyticu,IMG_20251219_162258,train,9,Staphylococcus ureilyticu,Staphylococcus ureilyticu,True,0.878497838973999,Bacillus pumilus,0.05346475914120674,Enterobacter quasihormaechei,0.007179985288530588,0.8250330686569214,0.6892558932304382
oof,Staphylococcus ureilyticu|IMG_20251219_162302,Staphylococcus ureilyticu,IMG_20251219_162302,train,9,Staphylococcus ureilyticu,Staphylococcus ureilyticu,True,0.8467133641242981,Staphylococcus epidermidis,0.034550901502370834,Bacillus pumilus,0.01239349227398634,0.812162458896637,0.9076095223426819
oof,Staphylococcus ureilyticu|IMG_20251219_162308,Staphylococcus ureilyticu,IMG_20251219_162308,train,10,Staphylococcus ureilyticu,Staphylococcus ureilyticu,True,0.6597338318824768,Bacillus pumilus,0.0772244855761528,Bacillus manliponensis,0.024385420605540276,0.5825093388557434,1.728873610496521
oof,Stenotrophomonas maltophilia|IMG_20251231_155847,Stenotrophomonas maltophilia,IMG_20251231_155847,train,9,Stenotrophomonas maltophilia,Stenotrophomonas maltophilia,True,0.2852209508419037,Enterobacter quasihormaechei,0.19342681765556335,Ralstonia pickettii,0.05065035820007324,0.09179413318634033,2.754380941390991
oof,Stenotrophomonas maltophilia|IMG_20251231_155913,Stenotrophomonas maltophilia,IMG_20251231_155913,train,7,Stenotrophomonas maltophilia,Stenotrophomonas maltophilia,True,0.7065748572349548,Bacillus pumilus,0.06665514409542084,Ralstonia pickettii,0.038687948137521744,0.6399196982383728,1.5039565563201904
oof,Stenotrophomonas maltophilia|IMG_20251231_155922,Stenotrophomonas maltophilia,IMG_20251231_155922,train,11,Stenotrophomonas maltophilia,Stenotrophomonas maltophilia,True,0.6052328944206238,Stenotrophomonas pavanii,0.10224712640047073,Brevibacillus agri,0.044817231595516205,0.5029857754707336,1.8732199668884277
oof,Stenotrophomonas maltophilia|IMG_20251231_160048,Stenotrophomonas maltophilia,IMG_20251231_160048,train,7,Stenotrophomonas maltophilia,Stenotrophomonas maltophilia,True,0.7248042821884155,Arthrobacter gandavensis,0.06535380333662033,Brachybacterium conglomeratum,0.03084796853363514,0.6594504714012146,1.3964591026306152
oof,Stenotrophomonas maltophilia|IMG_20251231_160054,Stenotrophomonas maltophilia,IMG_20251231_160054,train,9,Stenotrophomonas maltophilia,Stenotrophomonas maltophilia,True,0.5439122319221497,Arthrobacter gandavensis,0.10701972991228104,Pseudescherichia vulneris,0.0831931009888649,0.4368925094604492,1.9421898126602173
oof,Stenotrophomonas maltophilia|IMG_20251231_160107,Stenotrophomonas maltophilia,IMG_20251231_160107,train,11,Stenotrophomonas maltophilia,Stenotrophomonas maltophilia,True,0.6454999446868896,Stenotrophomonas pavanii,0.0662059485912323,Brachybacterium paraconglomeratum,0.033663954585790634,0.579293966293335,1.7803059816360474
oof,Stenotrophomonas maltophilia|IMG_20251231_160149,Stenotrophomonas maltophilia,IMG_20251231_160149,train,12,Stenotrophomonas maltophilia,Stenotrophomonas maltophilia,True,0.46322134137153625,Stenotrophomonas pavanii,0.14682762324810028,Brevibacillus agri,0.06773630529642105,0.31639373302459717,2.3033664226531982
oof,Stenotrophomonas maltophilia|IMG_20251231_160305,Stenotrophomonas maltophilia,IMG_20251231_160305,train,8,Stenotrophomonas maltophilia,Stenotrophomonas maltophilia,True,0.433560311794281,Enterobacter quasihormaechei,0.10223951190710068,Faucicola osloensis,0.0724056214094162,0.33132079243659973,2.474125862121582
oof,Stenotrophomonas maltophilia|IMG_20251231_160309,Stenotrophomonas maltophilia,IMG_20251231_160309,train,9,Stenotrophomonas maltophilia,Stenotrophomonas maltophilia,True,0.5499216318130493,Ralstonia pickettii,0.1044369712471962,Enterococcus innesii,0.03788764774799347,0.4454846680164337,2.1123175621032715
oof,Stenotrophomonas maltophilia|IMG_20251231_160313,Stenotrophomonas maltophilia,IMG_20251231_160313,train,7,Stenotrophomonas maltophilia,Stenotrophomonas maltophilia,True,0.6684494614601135,Staphylococcus ureilyticu,0.04396367073059082,Ralstonia pickettii,0.038133978843688965,0.6244857907295227,1.7237517833709717
oof,Stenotrophomonas maltophilia|IMG_20251231_160318,Stenotrophomonas maltophilia,IMG_20251231_160318,train,10,Stenotrophomonas maltophilia,Stenotrophomonas maltophilia,True,0.48117390275001526,Enterobacter quasihormaechei,0.13243016600608826,Ralstonia pickettii,0.047964517027139664,0.348743736743927,2.3058085441589355
oof,Stenotrophomonas maltophilia|IMG_20251231_160324,Stenotrophomonas maltophilia,IMG_20251231_160324,train,12,Stenotrophomonas maltophilia,Stenotrophomonas maltophilia,True,0.7583882212638855,Enterobacter quasihormaechei,0.08012182265520096,Stenotrophomonas pavanii,0.029864734038710594,0.6782664060592651,1.2130008935928345
oof,Stenotrophomonas maltophilia|IMG_20251231_160341,Stenotrophomonas maltophilia,IMG_20251231_160341,train,7,Stenotrophomonas maltophilia,Stenotrophomonas maltophilia,True,0.5930362343788147,Bacillus haynesii,0.09621921926736832,Ralstonia pickettii,0.03959255665540695,0.496817022562027,1.9341408014297485
oof,Stenotrophomonas maltophilia|IMG_20251231_160359,Stenotrophomonas maltophilia,IMG_20251231_160359,train,8,Stenotrophomonas maltophilia,Stenotrophomonas maltophilia,True,0.7110885381698608,Brevibacillus agri,0.03243646025657654,Bacillus pumilus,0.021066948771476746,0.6786520481109619,1.5998146533966064
oof,Stenotrophomonas pavanii|IMG_20260117_113217,Stenotrophomonas pavanii,IMG_20260117_113217,train,8,Stenotrophomonas pavanii,Stenotrophomonas pavanii,True,0.6286594271659851,Bacillus aerius,0.11247631907463074,Stenotrophomonas maltophilia,0.030709976330399513,0.5161831378936768,1.782721757888794
oof,Stenotrophomonas pavanii|IMG_20260117_113222,Stenotrophomonas pavanii,IMG_20260117_113222,train,4,Stenotrophomonas pavanii,Stenotrophomonas pavanii,True,0.7421706318855286,Brevundimonas huaxiensis,0.11188287287950516,Staphylococcus ureilyticu,0.013472229242324829,0.630287766456604,1.2491475343704224
oof,Stenotrophomonas pavanii|IMG_20260117_113228,Stenotrophomonas pavanii,IMG_20260117_113228,train,5,Stenotrophomonas pavanii,Stenotrophomonas pavanii,True,0.6779720783233643,Bacillus manliponensis,0.06794898957014084,Stenotrophomonas maltophilia,0.03901919350028038,0.6100230813026428,1.6484326124191284
oof,Stenotrophomonas pavanii|IMG_20260117_113229,Stenotrophomonas pavanii,IMG_20260117_113229,train,3,Stenotrophomonas pavanii,Stenotrophomonas pavanii,True,0.5059511065483093,Pseudescherichia vulneris,0.07764609158039093,Staphylococcus capitis,0.06614380329847336,0.4283050298690796,2.2633495330810547
oof,Stenotrophomonas pavanii|IMG_20260117_113236,Stenotrophomonas pavanii,IMG_20260117_113236,train,3,Stenotrophomonas pavanii,Stenotrophomonas pavanii,True,0.6684144735336304,Brevundimonas huaxiensis,0.08274710923433304,Stenotrophomonas maltophilia,0.05286529287695885,0.5856673717498779,1.6147520542144775
oof,Stenotrophomonas pavanii|IMG_20260117_113241,Stenotrophomonas pavanii,IMG_20260117_113241,train,4,Stenotrophomonas pavanii,Stenotrophomonas pavanii,True,0.7024176120758057,Brevibacillus agri,0.052303656935691833,Brevundimonas huaxiensis,0.03670471906661987,0.6501139402389526,1.513533592224121
oof,Stenotrophomonas pavanii|IMG_20260117_113243,Stenotrophomonas pavanii,IMG_20260117_113243,train,8,Stenotrophomonas pavanii,Stenotrophomonas pavanii,True,0.47704610228538513,Brevundimonas huaxiensis,0.058740779757499695,Brevibacillus agri,0.056548815220594406,0.41830533742904663,2.351996421813965
oof,Stenotrophomonas pavanii|IMG_20260117_113245,Stenotrophomonas pavanii,IMG_20260117_113245,train,5,Stenotrophomonas pavanii,Stenotrophomonas pavanii,True,0.5018507838249207,Bacillus thuringiensis,0.10305112600326538,Bacillus pumilus,0.06487353891134262,0.3987996578216553,2.226001501083374
oof,Stenotrophomonas pavanii|IMG_20260117_113248,Stenotrophomonas pavanii,IMG_20260117_113248,train,3,Stenotrophomonas pavanii,Stenotrophomonas pavanii,True,0.6760991215705872,Pantoea ananatis,0.05550561472773552,Bacillus pumilus,0.055492859333753586,0.6205934882164001,1.5710983276367188
oof,Stenotrophomonas pavanii|IMG_20260117_113252,Stenotrophomonas pavanii,IMG_20260117_113252,train,5,Stenotrophomonas pavanii,Stenotrophomonas pavanii,True,0.7511674165725708,Stenotrophomonas maltophilia,0.033662162721157074,Bacillus pumilus,0.028023261576890945,0.7175052762031555,1.3870913982391357
oof,Stenotrophomonas pavanii|IMG_20260117_113303,Stenotrophomonas pavanii,IMG_20260117_113303,train,3,Stenotrophomonas pavanii,Stenotrophomonas pavanii,True,0.6377306580543518,Stenotrophomonas maltophilia,0.15792056918144226,Enterobacter quasihormaechei,0.023445095866918564,0.47981008887290955,1.569495677947998
oof,Stenotrophomonas pavanii|IMG_20260117_113322,Stenotrophomonas pavanii,IMG_20260117_113322,train,6,Stenotrophomonas pavanii,Stenotrophomonas pavanii,True,0.6495625972747803,Brevundimonas huaxiensis,0.08315659314393997,Brevibacillus agri,0.03821658715605736,0.5664060115814209,1.7331255674362183
oof,Stenotrophomonas pavanii|IMG_20260117_113330,Stenotrophomonas pavanii,IMG_20260117_113330,train,7,Stenotrophomonas pavanii,Stenotrophomonas pavanii,True,0.5070796608924866,Brevibacillus agri,0.111789770424366,Bacillus aerius,0.10386288166046143,0.39528989791870117,2.0066542625427246
oof,Stenotrophomonas pavanii|IMG_20260117_113336,Stenotrophomonas pavanii,IMG_20260117_113336,train,5,Stenotrophomonas pavanii,Stenotrophomonas pavanii,True,0.6096576452255249,Bacillus cereus,0.05708383396267891,Enterobacter quasihormaechei,0.05466047674417496,0.5525738000869751,1.9206680059432983
oof,Stenotrophomonas pavanii|IMG_20260117_113340,Stenotrophomonas pavanii,IMG_20260117_113340,train,7,Stenotrophomonas pavanii,Stenotrophomonas pavanii,True,0.6328340172767639,Chryseobacterium hagamense,0.05872506648302078,Brevibacillus agri,0.034004975110292435,0.5741089582443237,1.8234882354736328
