evaluation_scope,group_id,species,source_image_id,split,image_count,species_true,species_predicted,correct,confidence,top2_species,top2_probability,top3_species,top3_probability,top1_top2_margin,entropy
oof,Acinetobacter oryzae|IMG_20260213_094223,Acinetobacter oryzae,IMG_20260213_094223,train,9,Acinetobacter oryzae,Serratia marcescens,False,0.3126019835472107,Acinetobacter oryzae,0.11127947270870209,Bacillus cabrialesii,0.08468323945999146,0.2013225108385086,2.773934841156006
oof,Acinetobacter oryzae|IMG_20260213_094336,Acinetobacter oryzae,IMG_20260213_094336,train,12,Acinetobacter oryzae,Serratia marcescens,False,0.3678448498249054,Acinetobacter oryzae,0.1262226104736328,Staphylococcus taiwanensis,0.06604934483766556,0.24162223935127258,2.696620464324951
oof,Acinetobacter oryzae|IMG_20260213_094505,Acinetobacter oryzae,IMG_20260213_094505,train,8,Acinetobacter oryzae,Serratia marcescens,False,0.5793687701225281,Acinetobacter oryzae,0.2579624056816101,Chryseobacterium hagamense,0.01902802661061287,0.32140636444091797,1.5196832418441772
oof,Acinetobacter oryzae|IMG_20260213_094556,Acinetobacter oryzae,IMG_20260213_094556,train,10,Acinetobacter oryzae,Acinetobacter oryzae,True,0.3147626221179962,Serratia marcescens,0.238289013504982,Pseudomonas parafulva,0.15332821011543274,0.07647360861301422,2.3016905784606934
oof,Acinetobacter oryzae|IMG_20260213_094613,Acinetobacter oryzae,IMG_20260213_094613,train,12,Acinetobacter oryzae,Serratia marcescens,False,0.3904193043708801,Acinetobacter oryzae,0.292989581823349,Pseudomonas parafulva,0.037940237671136856,0.09742972254753113,2.1887271404266357
oof,Acinetobacter oryzae|IMG_20260213_094617,Acinetobacter oryzae,IMG_20260213_094617,train,12,Acinetobacter oryzae,Acinetobacter oryzae,True,0.2483028620481491,Serratia marcescens,0.18747882544994354,Acinetobacter seifertii,0.13882450759410858,0.060824036598205566,2.622919797897339
oof,Acinetobacter seifertii|IMG_20251230_161344,Acinetobacter seifertii,IMG_20251230_161344,train,12,Acinetobacter seifertii,Acinetobacter seifertii,True,0.4193654954433441,Enterobacter quasihormaechei,0.28997284173965454,Brachybacterium paraconglomeratum,0.05170891806483269,0.12939265370368958,2.038935422897339
oof,Acinetobacter seifertii|IMG_20251230_161404,Acinetobacter seifertii,IMG_20251230_161404,train,12,Acinetobacter seifertii,Acinetobacter seifertii,True,0.8328786492347717,Staphylococcus cohnii,0.023154251277446747,Pseudescherichia vulneris,0.021364906802773476,0.8097243905067444,0.9622647762298584
oof,Acinetobacter seifertii|IMG_20251230_161408,Acinetobacter seifertii,IMG_20251230_161408,train,12,Acinetobacter seifertii,Acinetobacter seifertii,True,0.8511870503425598,Staphylococcus epidermidis,0.029719658195972443,Enterobacter quasihormaechei,0.029120365157723427,0.821467399597168,0.859937846660614
oof,Acinetobacter seifertii|IMG_20251230_161449,Acinetobacter seifertii,IMG_20251230_161449,train,12,Acinetobacter seifertii,Acinetobacter seifertii,True,0.6715784072875977,Enterobacter quasihormaechei,0.09024966508150101,Brachybacterium paraconglomeratum,0.05606650561094284,0.5813287496566772,1.5778627395629883
oof,Acinetobacter seifertii|IMG_20251230_161458,Acinetobacter seifertii,IMG_20251230_161458,train,12,Acinetobacter seifertii,Acinetobacter seifertii,True,0.7760815024375916,Enterobacter quasihormaechei,0.06193707883358002,Staphylococcus cohnii,0.045847151428461075,0.7141444087028503,1.147484302520752
oof,Acinetobacter seifertii|IMG_20251230_161503,Acinetobacter seifertii,IMG_20251230_161503,train,12,Acinetobacter seifertii,Acinetobacter seifertii,True,0.6517347693443298,Enterobacter quasihormaechei,0.14670608937740326,Pseudescherichia vulneris,0.04669664800167084,0.5050286650657654,1.4322274923324585
oof,Acinetobacter seifertii|IMG_20251230_161544,Acinetobacter seifertii,IMG_20251230_161544,train,12,Acinetobacter seifertii,Enterobacter quasihormaechei,False,0.4838659167289734,Acinetobacter seifertii,0.2427883893251419,Brachybacterium paraconglomeratum,0.10915504395961761,0.24107752740383148,1.8040452003479004
oof,Acinetobacter seifertii|IMG_20251230_161658,Acinetobacter seifertii,IMG_20251230_161658,train,12,Acinetobacter seifertii,Acinetobacter seifertii,True,0.910589337348938,Arthrobacter gandavensis,0.014212195761501789,Pseudescherichia vulneris,0.013250374235212803,0.8963771462440491,0.5775836110115051
oof,Acinetobacter seifertii|IMG_20251230_161701,Acinetobacter seifertii,IMG_20251230_161701,train,12,Acinetobacter seifertii,Acinetobacter seifertii,True,0.8238377571105957,Staphylococcus epidermidis,0.03015567548573017,Enterobacter quasihormaechei,0.030136073008179665,0.7936820983886719,0.9707720875740051
oof,Arthrobacter gandavensis|IMG_20260227_101010,Arthrobacter gandavensis,IMG_20260227_101010,train,8,Arthrobacter gandavensis,Arthrobacter gandavensis,True,0.31894585490226746,Brachybacterium paraconglomeratum,0.052820250391960144,Priestia megaterium,0.048827383667230606,0.2661256194114685,3.018045425415039
oof,Arthrobacter gandavensis|IMG_20260227_101024,Arthrobacter gandavensis,IMG_20260227_101024,train,5,Arthrobacter gandavensis,Arthrobacter gandavensis,True,0.8502854108810425,Pseudescherichia vulneris,0.08567334711551666,Stenotrophomonas maltophilia,0.0046658762730658054,0.764612078666687,0.7451252937316895
oof,Arthrobacter gandavensis|IMG_20260227_101046,Arthrobacter gandavensis,IMG_20260227_101046,train,11,Arthrobacter gandavensis,Arthrobacter gandavensis,True,0.5349594950675964,Brevundimonas huaxiensis,0.09062181413173676,Bacillus pumilus,0.0380830280482769,0.4443376660346985,2.1815974712371826
oof,Arthrobacter gandavensis|IMG_20260227_101053,Arthrobacter gandavensis,IMG_20260227_101053,train,5,Arthrobacter gandavensis,Arthrobacter gandavensis,True,0.3757926821708679,Pseudescherichia vulneris,0.1598692685365677,Priestia megaterium,0.0902259424328804,0.21592341363430023,2.512356996536255
oof,Arthrobacter gandavensis|IMG_20260227_101101,Arthrobacter gandavensis,IMG_20260227_101101,train,12,Arthrobacter gandavensis,Arthrobacter gandavensis,True,0.8377727270126343,Pseudescherichia vulneris,0.05380168557167053,Priestia megaterium,0.013448748737573624,0.7839710712432861,0.9248291850090027
oof,Arthrobacter gandavensis|IMG_20260227_101104,Arthrobacter gandavensis,IMG_20260227_101104,train,12,Arthrobacter gandavensis,Arthrobacter gandavensis,True,0.8478937745094299,Pseudescherichia vulneris,0.045674920082092285,Priestia megaterium,0.026433413848280907,0.8022188544273376,0.8316790461540222
oof,Arthrobacter gandavensis|IMG_20260227_101107,Arthrobacter gandavensis,IMG_20260227_101107,train,11,Arthrobacter gandavensis,Arthrobacter gandavensis,True,0.8825300931930542,Pseudescherichia vulneris,0.02810274437069893,Priestia megaterium,0.014127586036920547,0.8544273376464844,0.6921154856681824
oof,Arthrobacter gandavensis|IMG_20260227_101113,Arthrobacter gandavensis,IMG_20260227_101113,train,11,Arthrobacter gandavensis,Arthrobacter gandavensis,True,0.8636114597320557,Pseudescherichia vulneris,0.03177269548177719,Priestia megaterium,0.009016536176204681,0.8318387866020203,0.8432444334030151
oof,Arthrobacter gandavensis|IMG_20260227_101126,Arthrobacter gandavensis,IMG_20260227_101126,train,11,Arthrobacter gandavensis,Arthrobacter gandavensis,True,0.4545956552028656,Pseudescherichia vulneris,0.14274369180202484,Ralstonia pickettii,0.06723753362894058,0.31185197830200195,2.349179983139038
oof,Arthrobacter gandavensis|IMG_20260227_101143,Arthrobacter gandavensis,IMG_20260227_101143,train,9,Arthrobacter gandavensis,Arthrobacter gandavensis,True,0.8424259424209595,Brevundimonas huaxiensis,0.04930173605680466,Chryseobacterium hagamense,0.03270424157381058,0.7931241989135742,0.8623020648956299
oof,Arthrobacter gandavensis|IMG_20260227_101200,Arthrobacter gandavensis,IMG_20260227_101200,train,3,Arthrobacter gandavensis,Arthrobacter gandavensis,True,0.6960138082504272,Bacillus aerius,0.04296164587140083,Stenotrophomonas maltophilia,0.022997330874204636,0.6530521512031555,1.6718138456344604
oof,Arthrobacter gandavensis|IMG_20260227_101204,Arthrobacter gandavensis,IMG_20260227_101204,train,4,Arthrobacter gandavensis,Arthrobacter gandavensis,True,0.6175985336303711,Pseudescherichia vulneris,0.18554098904132843,Bacillus haynesii,0.02501281164586544,0.43205755949020386,1.6122816801071167
oof,Arthrobacter gandavensis|IMG_20260227_101212,Arthrobacter gandavensis,IMG_20260227_101212,train,3,Arthrobacter gandavensis,Arthrobacter gandavensis,True,0.7542893886566162,Pseudescherichia vulneris,0.12119123339653015,Staphylococcus epidermidis,0.01331851352006197,0.6330981254577637,1.156131386756897
oof,Arthrobacter gandavensis|IMG_20260227_101232,Arthrobacter gandavensis,IMG_20260227_101232,train,9,Arthrobacter gandavensis,Arthrobacter gandavensis,True,0.7303571105003357,Pseudescherichia vulneris,0.027716014534235,Bacillus pumilus,0.025334559381008148,0.7026410698890686,1.496206283569336
oof,Arthrobacter gandavensis|IMG_20260227_101239,Arthrobacter gandavensis,IMG_20260227_101239,train,11,Arthrobacter gandavensis,Arthrobacter gandavensis,True,0.9025054574012756,Pseudescherichia vulneris,0.04957832396030426,Brevibacillus agri,0.011087875813245773,0.8529271483421326,0.5422080159187317
oof,Arthrobacter gandavensis|IMG_20260227_101242,Arthrobacter gandavensis,IMG_20260227_101242,train,12,Arthrobacter gandavensis,Arthrobacter gandavensis,True,0.8064289093017578,Pseudescherichia vulneris,0.05486359819769859,Serratia marcescens,0.016537200659513474,0.7515653371810913,1.0781348943710327
oof,Arthrobacter gandavensis|IMG_20260227_101245,Arthrobacter gandavensis,IMG_20260227_101245,train,11,Arthrobacter gandavensis,Arthrobacter gandavensis,True,0.8914037346839905,Pseudescherichia vulneris,0.01052710972726345,Faucicola osloensis,0.009988506324589252,0.8808766007423401,0.7197731137275696
oof,Arthrobacter gandavensis|IMG_20260227_101248,Arthrobacter gandavensis,IMG_20260227_101248,train,12,Arthrobacter gandavensis,Arthrobacter gandavensis,True,0.7643933296203613,Pseudescherichia vulneris,0.10782662034034729,Acinetobacter seifertii,0.014736014418303967,0.6565667390823364,1.1481139659881592
oof,Arthrobacter gandavensis|IMG_20260227_101302,Arthrobacter gandavensis,IMG_20260227_101302,train,8,Arthrobacter gandavensis,Arthrobacter gandavensis,True,0.8478755950927734,Pseudescherichia vulneris,0.025329282507300377,Bacillus haynesii,0.014887710101902485,0.8225463032722473,0.9288293123245239
oof,Arthrobacter gandavensis|IMG_20260227_101311,Arthrobacter gandavensis,IMG_20260227_101311,train,9,Arthrobacter gandavensis,Arthrobacter gandavensis,True,0.4544541835784912,Brevundimonas huaxiensis,0.07408794015645981,Staphylococcus roterodami,0.06126048415899277,0.3803662359714508,2.3605916500091553
oof,Aureobasidium melanogenum|IMG_20251227_094332,Aureobasidium melanogenum,IMG_20251227_094332,train,8,Aureobasidium melanogenum,Methylorubrum populi,False,0.4393801987171173,Serratia marcescens,0.20587491989135742,Enterobacter quasihormaechei,0.047375958412885666,0.2335052788257599,2.2325291633605957
oof,Aureobasidium melanogenum|IMG_20251227_094437,Aureobasidium melanogenum,IMG_20251227_094437,train,8,Aureobasidium melanogenum,Aureobasidium melanogenum,True,0.43785983324050903,Staphylococcus epidermidis,0.10982079803943634,Serratia marcescens,0.08944849669933319,0.3280390501022339,2.449052095413208
oof,Aureobasidium melanogenum|IMG_20251227_094522,Aureobasidium melanogenum,IMG_20251227_094522,train,5,Aureobasidium melanogenum,Aureobasidium melanogenum,True,0.36981201171875,Staphylococcus cohnii,0.051181212067604065,Bacillus haynesii,0.044126011431217194,0.31863081455230713,2.877558708190918
oof,Aureobasidium melanogenum|IMG_20251227_094542,Aureobasidium melanogenum,IMG_20251227_094542,train,6,Aureobasidium melanogenum,Aureobasidium melanogenum,True,0.5820289254188538,Staphylococcus epidermidis,0.16570784151554108,Arthrobacter gandavensis,0.11129941791296005,0.4163210988044739,1.6290490627288818
oof,Aureobasidium melanogenum|IMG_20251227_094710,Aureobasidium melanogenum,IMG_20251227_094710,train,3,Aureobasidium melanogenum,Staphylococcus ureilyticu,False,0.2446780502796173,Arthrobacter gandavensis,0.14868801832199097,Bacillus subtilis,0.0801841989159584,0.09599003195762634,2.9201154708862305
oof,Aureobasidium melanogenum|IMG_20251227_094832,Aureobasidium melanogenum,IMG_20251227_094832,train,6,Aureobasidium melanogenum,Aureobasidium melanogenum,True,0.407378226518631,Staphylococcus epidermidis,0.15627595782279968,Pseudomonas parafulva,0.11602335423231125,0.2511022686958313,2.3495821952819824
oof,Bacillus aerius|IMG_20260109_132726,Bacillus aerius,IMG_20260109_132726,train,4,Bacillus aerius,Bacillus aerius,True,0.7289932370185852,Bacillus pumilus,0.061631929129362106,Stenotrophomonas pavanii,0.02114887349307537,0.667361319065094,1.42488694190979
oof,Bacillus aerius|IMG_20260109_132728,Bacillus aerius,IMG_20260109_132728,train,5,Bacillus aerius,Bacillus aerius,True,0.8589276671409607,Bacillus pumilus,0.01855817809700966,Stenotrophomonas pavanii,0.014156000688672066,0.840369462966919,0.8666950464248657
oof,Bacillus aerius|IMG_20260109_132738,Bacillus aerius,IMG_20260109_132738,train,9,Bacillus aerius,Bacillus aerius,True,0.5983322858810425,Bacillus manliponensis,0.12198427319526672,Stenotrophomonas pavanii,0.023741934448480606,0.47634801268577576,1.8643697500228882
oof,Bacillus aerius|IMG_20260109_132743,Bacillus aerius,IMG_20260109_132743,train,10,Bacillus aerius,Bacillus aerius,True,0.6976276636123657,Brevibacillus agri,0.04903755709528923,Stenotrophomonas pavanii,0.04529272019863129,0.648590087890625,1.513654351234436
oof,Bacillus aerius|IMG_20260109_132748,Bacillus aerius,IMG_20260109_132748,train,10,Bacillus aerius,Bacillus aerius,True,0.9034516215324402,Pseudescherichia vulneris,0.00956247840076685,Brevundimonas huaxiensis,0.008041254244744778,0.8938891291618347,0.6478344798088074
oof,Bacillus aerius|IMG_20260109_132750,Bacillus aerius,IMG_20260109_132750,train,10,Bacillus aerius,Bacillus aerius,True,0.7683641910552979,Brevibacillus agri,0.06732752919197083,Bacillus pumilus,0.0480954647064209,0.7010366916656494,1.0992368459701538
oof,Bacillus aerius|IMG_20260109_132811,Bacillus aerius,IMG_20260109_132811,train,4,Bacillus aerius,Bacillus aerius,True,0.17820245027542114,Brevundimonas huaxiensis,0.16303750872612,Bacillus pumilus,0.1122797429561615,0.015164941549301147,2.9781014919281006
oof,Bacillus cabrialesii|IMG_20260225_104820,Bacillus cabrialesii,IMG_20260225_104820,train,12,Bacillus cabrialesii,Bacillus cabrialesii,True,0.6102465391159058,Pseudescherichia vulneris,0.08656366914510727,Arthrobacter gandavensis,0.021740740165114403,0.5236828923225403,1.952854037284851
oof,Bacillus cabrialesii|IMG_20260225_104824,Bacillus cabrialesii,IMG_20260225_104824,train,11,Bacillus cabrialesii,Bacillus cabrialesii,True,0.7953492403030396,Bacillus manliponensis,0.05020894482731819,Pseudescherichia vulneris,0.04319373518228531,0.7451403141021729,1.0756069421768188
oof,Bacillus cabrialesii|IMG_20260225_104831,Bacillus cabrialesii,IMG_20260225_104831,train,11,Bacillus cabrialesii,Bacillus cabrialesii,True,0.5860384106636047,Staphylococcus taiwanensis,0.0527593269944191,Pseudescherichia vulneris,0.05092073604464531,0.5332790613174438,2.048051357269287
oof,Bacillus cabrialesii|IMG_20260225_104849,Bacillus cabrialesii,IMG_20260225_104849,train,12,Bacillus cabrialesii,Bacillus cabrialesii,True,0.5109261274337769,Pseudescherichia vulneris,0.19352467358112335,Bacillus manliponensis,0.028121383860707283,0.3174014687538147,2.035167932510376
oof,Bacillus cabrialesii|IMG_20260225_104959,Bacillus cabrialesii,IMG_20260225_104959,train,11,Bacillus cabrialesii,Bacillus cabrialesii,True,0.5889816284179688,Staphylococcus taiwanensis,0.07069190591573715,Pseudescherichia vulneris,0.05072170868515968,0.5182897448539734,1.9755102396011353
oof,Bacillus cabrialesii|IMG_20260225_105016,Bacillus cabrialesii,IMG_20260225_105016,train,12,Bacillus cabrialesii,Bacillus cabrialesii,True,0.8139699101448059,Bacillus manliponensis,0.031967561691999435,Enterococcus innesii,0.01403831783682108,0.782002329826355,1.1008764505386353
oof,Bacillus cabrialesii|IMG_20260225_105019,Bacillus cabrialesii,IMG_20260225_105019,train,11,Bacillus cabrialesii,Bacillus cabrialesii,True,0.6545873284339905,Staphylococcus epidermidis,0.023687778040766716,Brevundimonas huaxiensis,0.023144841194152832,0.6308995485305786,1.8521963357925415
oof,Bacillus cereus|IMG_20260110_104037,Bacillus cereus,IMG_20260110_104037,train,9,Bacillus cereus,Bacillus cereus,True,0.7285041809082031,Brevibacillus agri,0.06240310147404671,Bacillus haynesii,0.04574577510356903,0.6661010980606079,1.3463481664657593
oof,Bacillus cereus|IMG_20260110_104041,Bacillus cereus,IMG_20260110_104041,train,5,Bacillus cereus,Bacillus cereus,True,0.5973297357559204,Bacillus piscis,0.0948389545083046,Bacillus pumilus,0.04250653460621834,0.502490758895874,1.918300986289978
oof,Bacillus cereus|IMG_20260110_104053,Bacillus cereus,IMG_20260110_104053,train,7,Bacillus cereus,Bacillus cereus,True,0.9134349226951599,Brevibacillus agri,0.03458590805530548,Bacillus pumilus,0.018090074881911278,0.8788490295410156,0.49945059418678284
oof,Bacillus cereus|IMG_20260110_104059,Bacillus cereus,IMG_20260110_104059,train,7,Bacillus cereus,Bacillus cereus,True,0.8700475692749023,Bacillus haynesii,0.024240577593445778,Brevibacillus agri,0.02081671729683876,0.8458070158958435,0.7196341753005981
oof,Bacillus cereus|IMG_20260110_104110,Bacillus cereus,IMG_20260110_104110,train,3,Bacillus cereus,Bacillus cereus,True,0.6676376461982727,Bacillus pumilus,0.08748384565114975,Bacillus piscis,0.06743144989013672,0.5801538228988647,1.5672039985656738
oof,Bacillus cereus|IMG_20260110_104113,Bacillus cereus,IMG_20260110_104113,train,4,Bacillus cereus,Bacillus cereus,True,0.9892538785934448,Bacillus piscis,0.0054573784582316875,Brevibacillus agri,0.0009276329656131566,0.9837964773178101,0.08339039236307144
oof,Bacillus cereus|IMG_20260110_104116,Bacillus cereus,IMG_20260110_104116,train,4,Bacillus cereus,Bacillus cereus,True,0.9796018600463867,Bacillus pumilus,0.009435451589524746,Bacillus piscis,0.00297174951992929,0.9701663851737976,0.14672622084617615
oof,Bacillus cereus|IMG_20260110_104128,Bacillus cereus,IMG_20260110_104128,train,5,Bacillus cereus,Bacillus cereus,True,0.7437240481376648,Bacillus subtilis,0.06708112359046936,Bacillus pumilus,0.05827280133962631,0.676642894744873,1.2572001218795776
oof,Bacillus cereus|IMG_20260112_164004,Bacillus cereus,IMG_20260112_164004,train,7,Bacillus cereus,Bacillus cereus,True,0.9928808808326721,Brevibacillus agri,0.0010676262900233269,Bacillus piscis,0.00096172746270895,0.9918132424354553,0.06567337363958359
oof,Bacillus cereus|IMG_20260112_164007,Bacillus cereus,IMG_20260112_164007,train,8,Bacillus cereus,Bacillus cereus,True,0.9349859952926636,Bacillus piscis,0.01157551072537899,Bacillus pumilus,0.006116798613220453,0.9234104752540588,0.4478629529476166
oof,Bacillus cereus|IMG_20260112_164033,Bacillus cereus,IMG_20260112_164033,train,7,Bacillus cereus,Bacillus cereus,True,0.948078989982605,Bacillus piscis,0.005424713250249624,Bacillus aerius,0.0042637912556529045,0.9426542520523071,0.3827660083770752
oof,Bacillus cereus|IMG_20260112_164038,Bacillus cereus,IMG_20260112_164038,train,5,Bacillus cereus,Bacillus cereus,True,0.983230471611023,Bacillus pumilus,0.0032951596658676863,Bacillus manliponensis,0.0015886991750448942,0.9799352884292603,0.14037486910820007
oof,Bacillus cereus|IMG_20260112_164043,Bacillus cereus,IMG_20260112_164043,train,7,Bacillus cereus,Bacillus cereus,True,0.9726743102073669,Bacillus pumilus,0.004864140879362822,Stenotrophomonas maltophilia,0.002046069595962763,0.9678101539611816,0.21632738411426544
oof,Bacillus cereus|IMG_20260112_164048,Bacillus cereus,IMG_20260112_164048,train,10,Bacillus cereus,Bacillus cereus,True,0.9888978004455566,Bacillus pumilus,0.004366559907793999,Staphylococcus taiwanensis,0.0004948788555338979,0.9845312237739563,0.0920364111661911
oof,Bacillus cereus|IMG_20260112_164056,Bacillus cereus,IMG_20260112_164056,train,7,Bacillus cereus,Bacillus cereus,True,0.7969123125076294,Bacillus piscis,0.0561106912791729,Bacillus manliponensis,0.05062463507056236,0.7408016324043274,0.9999139904975891
oof,Bacillus cereus|IMG_20260112_164105,Bacillus cereus,IMG_20260112_164105,train,8,Bacillus cereus,Bacillus cereus,True,0.9108853936195374,Bacillus aerius,0.04981661215424538,Bacillus piscis,0.005146076902747154,0.8610687851905823,0.49585026502609253
oof,Bacillus cereus|IMG_20260112_164106,Bacillus cereus,IMG_20260112_164106,train,9,Bacillus cereus,Bacillus cereus,True,0.9273052215576172,Bacillus aerius,0.01674789749085903,Bacillus piscis,0.012906817719340324,0.9105573296546936,0.4626500904560089
oof,Bacillus cereus|IMG_20260112_164109,Bacillus cereus,IMG_20260112_164109,train,8,Bacillus cereus,Bacillus cereus,True,0.8447808623313904,Bacillus thuringiensis,0.030220480635762215,Bacillus pumilus,0.024435870349407196,0.8145603537559509,0.8894104957580566
oof,Bacillus cereus|IMG_20260112_164111,Bacillus cereus,IMG_20260112_164111,train,8,Bacillus cereus,Bacillus cereus,True,0.8520284295082092,Stenotrophomonas pavanii,0.03511514142155647,Staphylococcus roterodami,0.018450170755386353,0.8169133067131042,0.8555163741111755
oof,Bacillus cereus|IMG_20260112_164114,Bacillus cereus,IMG_20260112_164114,train,4,Bacillus cereus,Bacillus cereus,True,0.9111196398735046,Bacillus manliponensis,0.017188947647809982,Brevibacillus agri,0.01414441131055355,0.8939306735992432,0.5578446388244629
oof,Bacillus cereus|IMG_20260112_164117,Bacillus cereus,IMG_20260112_164117,train,5,Bacillus cereus,Bacillus cereus,True,0.9739896655082703,Stenotrophomonas maltophilia,0.008029431104660034,Bacillus piscis,0.0060930936597287655,0.9659602642059326,0.18621471524238586
oof,Bacillus cereus|IMG_20260112_164128,Bacillus cereus,IMG_20260112_164128,train,7,Bacillus cereus,Bacillus cereus,True,0.8424962759017944,Stenotrophomonas pavanii,0.04694721847772598,Bacillus piscis,0.012466334737837315,0.7955490350723267,0.9110273718833923
oof,Bacillus cereus|IMG_20260112_164129,Bacillus cereus,IMG_20260112_164129,train,6,Bacillus cereus,Bacillus cereus,True,0.9731764197349548,Bacillus piscis,0.012415910139679909,Bacillus pumilus,0.0017579090781509876,0.9607605338096619,0.1929464489221573
oof,Bacillus cereus|IMG_20260112_164131,Bacillus cereus,IMG_20260112_164131,train,8,Bacillus cereus,Bacillus cereus,True,0.9864412546157837,Bacillus piscis,0.004725279286503792,Enterococcus innesii,0.0011834466131404042,0.981715977191925,0.10967814922332764
oof,Bacillus cereus|IMG_20260112_164133,Bacillus cereus,IMG_20260112_164133,train,7,Bacillus cereus,Bacillus cereus,True,0.7973383069038391,Pantoea ananatis,0.026925044134259224,Bacillus pumilus,0.025037890300154686,0.7704132795333862,1.1510963439941406
oof,Bacillus cereus|IMG_20260112_164134,Bacillus cereus,IMG_20260112_164134,train,7,Bacillus cereus,Bacillus cereus,True,0.9908672571182251,Bacillus piscis,0.0011714654974639416,Brevundimonas huaxiensis,0.0011469777673482895,0.9896957874298096,0.08093015849590302
oof,Bacillus cereus|IMG_20260112_164443,Bacillus cereus,IMG_20260112_164443,train,6,Bacillus cereus,Bacillus cereus,True,0.9686870574951172,Bacillus pumilus,0.009529686532914639,Bacillus piscis,0.006123594474047422,0.9591573476791382,0.21856127679347992
oof,Bacillus cereus|IMG_20260112_164446,Bacillus cereus,IMG_20260112_164446,train,6,Bacillus cereus,Bacillus cereus,True,0.8270462155342102,Bacillus piscis,0.04898230731487274,Bacillus pumilus,0.0189285259693861,0.7780638933181763,0.9674679040908813
oof,Bacillus cereus|IMG_20260112_164454,Bacillus cereus,IMG_20260112_164454,train,6,Bacillus cereus,Bacillus cereus,True,0.8017552495002747,Priestia megaterium,0.03485089913010597,Bacillus piscis,0.02374342456459999,0.766904354095459,1.155246376991272
oof,Bacillus cereus|IMG_20260112_164457,Bacillus cereus,IMG_20260112_164457,train,9,Bacillus cereus,Bacillus cereus,True,0.8396432399749756,Bacillus piscis,0.02746112085878849,Methylorubrum populi,0.01338117104023695,0.8121821284294128,0.962922215461731
oof,Bacillus cereus|IMG_20260112_164507,Bacillus cereus,IMG_20260112_164507,train,6,Bacillus cereus,Bacillus cereus,True,0.9534839391708374,Brevundimonas huaxiensis,0.009853154420852661,Bacillus pumilus,0.006110833492130041,0.9436308145523071,0.32271820306777954
oof,Bacillus cereus|IMG_20260112_164510,Bacillus cereus,IMG_20260112_164510,train,5,Bacillus cereus,Bacillus cereus,True,0.8380269408226013,Bacillus pumilus,0.06011876091361046,Brevibacillus agri,0.032528575509786606,0.777908205986023,0.8145939111709595
oof,Bacillus cereus|IMG_20260112_164513,Bacillus cereus,IMG_20260112_164513,train,4,Bacillus cereus,Bacillus cereus,True,0.8211441040039062,Bacillus piscis,0.054359227418899536,Brevundimonas huaxiensis,0.018163537606596947,0.7667849063873291,0.9617828130722046
oof,Bacillus cereus|IMG_20260112_164526,Bacillus cereus,IMG_20260112_164526,train,10,Bacillus cereus,Bacillus cereus,True,0.8746747374534607,Bacillus piscis,0.02933809906244278,Bacillus pumilus,0.01839759573340416,0.8453366160392761,0.7513403296470642
oof,Bacillus cereus|IMG_20260112_164527,Bacillus cereus,IMG_20260112_164527,train,7,Bacillus cereus,Bacillus cereus,True,0.8266893029212952,Brevundimonas huaxiensis,0.018065696582198143,Bacillus aerius,0.015401139855384827,0.8086236119270325,1.0478553771972656
oof,Bacillus haynesii|IMG_20260109_133428,Bacillus haynesii,IMG_20260109_133428,train,12,Bacillus haynesii,Bacillus haynesii,True,0.7232539057731628,Bacillus cereus,0.08484778553247452,Brevibacillus agri,0.03148023411631584,0.6384060978889465,1.3529677391052246
oof,Bacillus haynesii|IMG_20260109_133447,Bacillus haynesii,IMG_20260109_133447,train,12,Bacillus haynesii,Bacillus haynesii,True,0.7992110848426819,Bacillus subtilis,0.044059738516807556,Brevibacillus agri,0.024689672514796257,0.7551513314247131,1.1144005060195923
oof,Bacillus haynesii|IMG_20260109_133449,Bacillus haynesii,IMG_20260109_133449,train,12,Bacillus haynesii,Bacillus haynesii,True,0.738603949546814,Brevibacillus agri,0.030260298401117325,Priestia megaterium,0.022404292598366737,0.7083436250686646,1.4519939422607422
oof,Bacillus haynesii|IMG_20260109_133453,Bacillus haynesii,IMG_20260109_133453,train,12,Bacillus haynesii,Bacillus haynesii,True,0.7487798929214478,Bacillus pumilus,0.11178892105817795,Bacillus infantis,0.011564070358872414,0.6369909644126892,1.2152752876281738
oof,Bacillus haynesii|IMG_20260109_133500,Bacillus haynesii,IMG_20260109_133500,train,12,Bacillus haynesii,Bacillus haynesii,True,0.4990537166595459,Bacillus pumilus,0.13656242191791534,Brevibacillus agri,0.11325515061616898,0.36249130964279175,2.0528082847595215
oof,Bacillus haynesii|IMG_20260109_133520,Bacillus haynesii,IMG_20260109_133520,train,11,Bacillus haynesii,Bacillus haynesii,True,0.6789006590843201,Bacillus pumilus,0.08700490742921829,Priestia megaterium,0.04963625594973564,0.5918957591056824,1.511208415031433
oof,Bacillus infantis|IMG_20260107_154148,Bacillus infantis,IMG_20260107_154148,train,7,Bacillus infantis,Bacillus infantis,True,0.7086756229400635,Acinetobacter seifertii,0.11378825455904007,Enterobacter quasihormaechei,0.017891045659780502,0.594887375831604,1.4225393533706665
oof,Bacillus infantis|IMG_20260107_154211,Bacillus infantis,IMG_20260107_154211,train,7,Bacillus infantis,Bacillus infantis,True,0.8279380798339844,Priestia megaterium,0.017587602138519287,Brevundimonas huaxiensis,0.012986158952116966,0.8103504776954651,1.064399242401123
oof,Bacillus infantis|IMG_20260107_154219,Bacillus infantis,IMG_20260107_154219,train,7,Bacillus infantis,Bacillus infantis,True,0.7975844144821167,Staphylococcus roterodami,0.07872157543897629,Bacillus piscis,0.014135756529867649,0.7188628315925598,1.0579503774642944
oof,Bacillus infantis|IMG_20260107_154229,Bacillus infantis,IMG_20260107_154229,train,10,Bacillus infantis,Bacillus infantis,True,0.7369193434715271,Acinetobacter seifertii,0.025689933449029922,Pseudescherichia vulneris,0.025523951277136803,0.7112293839454651,1.4754993915557861
oof,Bacillus infantis|IMG_20260107_154241,Bacillus infantis,IMG_20260107_154241,train,7,Bacillus infantis,Bacillus infantis,True,0.8737232685089111,Priestia megaterium,0.036068666726350784,Pseudescherichia vulneris,0.00930431205779314,0.8376545906066895,0.7610729336738586
oof,Bacillus infantis|IMG_20260107_154253,Bacillus infantis,IMG_20260107_154253,train,6,Bacillus infantis,Bacillus infantis,True,0.9415720105171204,Priestia megaterium,0.008974156342446804,Stenotrophomonas maltophilia,0.003992902114987373,0.9325978755950928,0.4187115430831909
oof,Bacillus infantis|IMG_20260107_154321,Bacillus infantis,IMG_20260107_154321,train,4,Bacillus infantis,Bacillus infantis,True,0.9740855693817139,Priestia megaterium,0.003379327245056629,Brevibacillus agri,0.0028188854921609163,0.9707062244415283,0.20723694562911987
oof,Bacillus infantis|IMG_20260107_154323,Bacillus infantis,IMG_20260107_154323,train,5,Bacillus infantis,Bacillus infantis,True,0.5245567560195923,Brevundimonas huaxiensis,0.1530887633562088,Staphylococcus roterodami,0.032250355929136276,0.3714680075645447,2.1003706455230713
oof,Bacillus infantis|IMG_20260107_154336,Bacillus infantis,IMG_20260107_154336,train,5,Bacillus infantis,Bacillus infantis,True,0.8505649566650391,Priestia megaterium,0.011622416786849499,Bacillus piscis,0.010540218092501163,0.8389425277709961,0.9510749578475952
oof,Bacillus infantis|IMG_20260107_154405,Bacillus infantis,IMG_20260107_154405,train,7,Bacillus infantis,Bacillus infantis,True,0.5527431964874268,Priestia megaterium,0.06169769540429115,Acinetobacter seifertii,0.05809629708528519,0.4910455048084259,2.1073813438415527
oof,Bacillus infantis|IMG_20260107_154411,Bacillus infantis,IMG_20260107_154411,train,6,Bacillus infantis,Bacillus infantis,True,0.9259923100471497,Brachybacterium paraconglomeratum,0.029292674735188484,Acinetobacter seifertii,0.005435532424598932,0.8966996073722839,0.47119247913360596
oof,Bacillus manliponensis|IMG_20260225_110912,Bacillus manliponensis,IMG_20260225_110912,train,7,Bacillus manliponensis,Bacillus manliponensis,True,0.38916894793510437,Bacillus cereus,0.20753541588783264,Stenotrophomonas maltophilia,0.05450810119509697,0.18163353204727173,2.3532488346099854
oof,Bacillus manliponensis|IMG_20260225_110943,Bacillus manliponensis,IMG_20260225_110943,train,7,Bacillus manliponensis,Bacillus manliponensis,True,0.4917014539241791,Pseudescherichia vulneris,0.24030525982379913,Brevundimonas huaxiensis,0.040298670530319214,0.25139617919921875,1.9074207544326782
oof,Bacillus manliponensis|IMG_20260225_110946,Bacillus manliponensis,IMG_20260225_110946,train,9,Bacillus manliponensis,Bacillus manliponensis,True,0.42511433362960815,Bacillus cereus,0.07680235058069229,Brevundimonas huaxiensis,0.037860024720430374,0.34831199049949646,2.6577484607696533
oof,Bacillus manliponensis|IMG_20260225_110949,Bacillus manliponensis,IMG_20260225_110949,train,8,Bacillus manliponensis,Bacillus manliponensis,True,0.6699832081794739,Priestia megaterium,0.07095597684383392,Arthrobacter gandavensis,0.0235979612916708,0.5990272164344788,1.7077767848968506
oof,Bacillus manliponensis|IMG_20260225_110953,Bacillus manliponensis,IMG_20260225_110953,train,9,Bacillus manliponensis,Bacillus manliponensis,True,0.6508272290229797,Bacillus cabrialesii,0.17001581192016602,Bacillus aerius,0.058751583099365234,0.4808114171028137,1.4066956043243408
oof,Bacillus manliponensis|IMG_20260225_110955,Bacillus manliponensis,IMG_20260225_110955,train,9,Bacillus manliponensis,Bacillus manliponensis,True,0.7942855358123779,Bacillus cabrialesii,0.047522857785224915,Arthrobacter gandavensis,0.02433200739324093,0.7467626929283142,1.1177846193313599
oof,Bacillus manliponensis|IMG_20260225_111014,Bacillus manliponensis,IMG_20260225_111014,train,9,Bacillus manliponensis,Bacillus manliponensis,True,0.7012549638748169,Pseudescherichia vulneris,0.06445246934890747,Arthrobacter gandavensis,0.04126748442649841,0.6368024945259094,1.4969207048416138
oof,Bacillus manliponensis|IMG_20260225_111032,Bacillus manliponensis,IMG_20260225_111032,train,6,Bacillus manliponensis,Bacillus manliponensis,True,0.5752684473991394,Pseudescherichia vulneris,0.05612962320446968,Brevibacillus agri,0.0350317507982254,0.5191388130187988,2.080369234085083
oof,Bacillus manliponensis|IMG_20260225_111035,Bacillus manliponensis,IMG_20260225_111035,train,10,Bacillus manliponensis,Bacillus manliponensis,True,0.4973016381263733,Bacillus subtilis,0.12581053376197815,Pseudescherichia vulneris,0.06579454243183136,0.37149110436439514,2.1662135124206543
oof,Bacillus manliponensis|IMG_20260225_111041,Bacillus manliponensis,IMG_20260225_111041,train,10,Bacillus manliponensis,Bacillus manliponensis,True,0.2727997899055481,Bacillus subtilis,0.10186196863651276,Bacillus cabrialesii,0.061507344245910645,0.17093782126903534,2.856959581375122
oof,Bacillus piscis|IMG_20260110_101514,Bacillus piscis,IMG_20260110_101514,train,7,Bacillus piscis,Bacillus piscis,True,0.5121301412582397,Bacillus cereus,0.12893082201480865,Brevundimonas huaxiensis,0.10751523822546005,0.3831993341445923,2.041450262069702
oof,Bacillus piscis|IMG_20260110_101757,Bacillus piscis,IMG_20260110_101757,train,8,Bacillus piscis,Bacillus piscis,True,0.5743376612663269,Bacillus pumilus,0.07117979228496552,Bacillus cereus,0.05494154989719391,0.5031578540802002,2.057512044906616
oof,Bacillus piscis|IMG_20260110_101939,Bacillus piscis,IMG_20260110_101939,train,8,Bacillus piscis,Bacillus piscis,True,0.5711482763290405,Bacillus cereus,0.12806455790996552,Bacillus cabrialesii,0.061231475323438644,0.4430837035179138,1.915192723274231
oof,Bacillus piscis|IMG_20260110_101946,Bacillus piscis,IMG_20260110_101946,train,9,Bacillus piscis,Bacillus piscis,True,0.4532959759235382,Bacillus pumilus,0.11174001544713974,Aureobasidium melanogenum,0.049314629286527634,0.34155595302581787,2.4491186141967773
oof,Bacillus piscis|IMG_20260110_101954,Bacillus piscis,IMG_20260110_101954,train,9,Bacillus piscis,Bacillus piscis,True,0.6663060784339905,Bacillus cereus,0.13067881762981415,Bacillus pumilus,0.031404122710227966,0.5356272459030151,1.5415085554122925
oof,Bacillus piscis|IMG_20260110_102021,Bacillus piscis,IMG_20260110_102021,train,7,Bacillus piscis,Bacillus piscis,True,0.4224260151386261,Bacillus pumilus,0.11045198887586594,Staphylococcus ureilyticu,0.10180655866861343,0.31197401881217957,2.350034713745117
oof,Bacillus piscis|IMG_20260110_102041,Bacillus piscis,IMG_20260110_102041,train,11,Bacillus piscis,Bacillus piscis,True,0.2924204170703888,Bacillus cereus,0.27004867792129517,Brevundimonas huaxiensis,0.10921028256416321,0.022371739149093628,2.3148393630981445
oof,Bacillus pumilus|IMG_20251230_161751,Bacillus pumilus,IMG_20251230_161751,train,5,Bacillus pumilus,Bacillus pumilus,True,0.5376548171043396,Pantoea ananatis,0.20691829919815063,Stenotrophomonas maltophilia,0.03754684329032898,0.33073651790618896,1.8579535484313965
oof,Bacillus pumilus|IMG_20251230_161753,Bacillus pumilus,IMG_20251230_161753,train,5,Bacillus pumilus,Bacillus pumilus,True,0.5676889419555664,Arthrobacter gandavensis,0.06970888376235962,Pantoea ananatis,0.04429638758301735,0.4979800581932068,2.117722272872925
oof,Bacillus pumilus|IMG_20251230_161816,Bacillus pumilus,IMG_20251230_161816,train,12,Bacillus pumilus,Bacillus pumilus,True,0.5150624513626099,Brachybacterium paraconglomeratum,0.12318559736013412,Arthrobacter gandavensis,0.04709985852241516,0.39187684655189514,2.1489949226379395
oof,Bacillus pumilus|IMG_20251230_161819,Bacillus pumilus,IMG_20251230_161819,train,9,Bacillus pumilus,Bacillus cereus,False,0.21365973353385925,Bacillus pumilus,0.19037969410419464,Brachybacterium paraconglomeratum,0.09362180531024933,0.023280039429664612,2.8818023204803467
oof,Bacillus pumilus|IMG_20251230_161824,Bacillus pumilus,IMG_20251230_161824,train,10,Bacillus pumilus,Bacillus pumilus,True,0.39001238346099854,Bacillus cereus,0.10938044637441635,Staphylococcus roterodami,0.0697818174958229,0.2806319296360016,2.4669911861419678
oof,Bacillus pumilus|IMG_20251230_161833,Bacillus pumilus,IMG_20251230_161833,train,7,Bacillus pumilus,Bacillus pumilus,True,0.6542881727218628,Bacillus cereus,0.0475083664059639,Stenotrophomonas maltophilia,0.024647027254104614,0.6067798137664795,1.8223899602890015
oof,Bacillus pumilus|IMG_20251230_161835,Bacillus pumilus,IMG_20251230_161835,train,11,Bacillus pumilus,Bacillus pumilus,True,0.6241459250450134,Ralstonia pickettii,0.03787880390882492,Stenotrophomonas maltophilia,0.03621722757816315,0.5862671136856079,1.9102461338043213
oof,Bacillus pumilus|IMG_20251230_161840,Bacillus pumilus,IMG_20251230_161840,train,9,Bacillus pumilus,Bacillus pumilus,True,0.8398019075393677,Enterobacter quasihormaechei,0.026455700397491455,Ralstonia pickettii,0.010777567513287067,0.8133462071418762,0.9734262824058533
oof,Bacillus pumilus|IMG_20251230_161842,Bacillus pumilus,IMG_20251230_161842,train,9,Bacillus pumilus,Bacillus pumilus,True,0.6625949740409851,Bacillus cereus,0.09213121980428696,Bacillus subtilis,0.028849292546510696,0.5704637765884399,1.617496132850647
oof,Bacillus pumilus|IMG_20251230_161845,Bacillus pumilus,IMG_20251230_161845,train,9,Bacillus pumilus,Bacillus pumilus,True,0.6859248280525208,Brevibacillus agri,0.04719328507781029,Ralstonia pickettii,0.04150093346834183,0.6387315392494202,1.5608270168304443
oof,Bacillus pumilus|IMG_20251230_161851,Bacillus pumilus,IMG_20251230_161851,train,9,Bacillus pumilus,Bacillus pumilus,True,0.6172845363616943,Bacillus cereus,0.10823611915111542,Bacillus haynesii,0.031128520146012306,0.5090484023094177,1.8407204151153564
oof,Bacillus pumilus|IMG_20251230_161853,Bacillus pumilus,IMG_20251230_161853,train,9,Bacillus pumilus,Bacillus pumilus,True,0.6278170347213745,Bacillus manliponensis,0.06152782961726189,Bacillus thuringiensis,0.05788147449493408,0.5662891864776611,1.7974706888198853
oof,Bacillus pumilus|IMG_20251230_161901,Bacillus pumilus,IMG_20251230_161901,train,12,Bacillus pumilus,Bacillus pumilus,True,0.44055142998695374,Arthrobacter gandavensis,0.09564904123544693,Brevibacillus agri,0.06848021596670151,0.3449023962020874,2.468926191329956
oof,Bacillus pumilus|IMG_20251230_161911,Bacillus pumilus,IMG_20251230_161911,train,5,Bacillus pumilus,Stenotrophomonas maltophilia,False,0.18605349957942963,Acinetobacter seifertii,0.18488511443138123,Bacillus pumilus,0.09408709406852722,0.0011683851480484009,3.006746292114258
oof,Bacillus pumilus|IMG_20251230_161952,Bacillus pumilus,IMG_20251230_161952,train,3,Bacillus pumilus,Bacillus pumilus,True,0.2878669798374176,Ralstonia pickettii,0.17898620665073395,Stenotrophomonas maltophilia,0.13199789822101593,0.10888077318668365,2.586866855621338
oof,Bacillus pumilus|IMG_20251230_162008,Bacillus pumilus,IMG_20251230_162008,train,6,Bacillus pumilus,Bacillus pumilus,True,0.3049444258213043,Bacillus piscis,0.11807281523942947,Acinetobacter seifertii,0.07969959080219269,0.18687161803245544,2.838242530822754
oof,Bacillus subtilis|IMG_20260225_110513,Bacillus subtilis,IMG_20260225_110513,train,12,Bacillus subtilis,Bacillus subtilis,True,0.9469526410102844,Bacillus thuringiensis,0.009127680212259293,Priestia megaterium,0.005141488276422024,0.9378249645233154,0.37474334239959717
oof,Bacillus subtilis|IMG_20260225_110517,Bacillus subtilis,IMG_20260225_110517,train,12,Bacillus subtilis,Bacillus subtilis,True,0.90775465965271,Staphylococcus roterodami,0.019709084182977676,Bacillus thuringiensis,0.009502138942480087,0.8880455493927002,0.5820561051368713
oof,Bacillus subtilis|IMG_20260225_110528,Bacillus subtilis,IMG_20260225_110528,train,12,Bacillus subtilis,Bacillus subtilis,True,0.8553681969642639,Brevundimonas huaxiensis,0.06052768602967262,Bacillus thuringiensis,0.013128897175192833,0.7948405146598816,0.7749128937721252
oof,Bacillus subtilis|IMG_20260225_110531,Bacillus subtilis,IMG_20260225_110531,train,9,Bacillus subtilis,Bacillus subtilis,True,0.9180528521537781,Priestia megaterium,0.014504879713058472,Brevundimonas huaxiensis,0.011954933404922485,0.903548002243042,0.5361091494560242
oof,Bacillus subtilis|IMG_20260225_110543,Bacillus subtilis,IMG_20260225_110543,train,11,Bacillus subtilis,Bacillus subtilis,True,0.5172244310379028,Bacillus thuringiensis,0.39117515087127686,Brevundimonas huaxiensis,0.021891629323363304,0.12604928016662598,1.1941461563110352
oof,Bacillus subtilis|IMG_20260225_110552,Bacillus subtilis,IMG_20260225_110552,train,4,Bacillus subtilis,Bacillus thuringiensis,False,0.49087756872177124,Bacillus subtilis,0.288873553276062,Bacillus haynesii,0.04397550970315933,0.20200401544570923,1.7155845165252686
oof,Bacillus subtilis|IMG_20260225_110615,Bacillus subtilis,IMG_20260225_110615,train,9,Bacillus subtilis,Bacillus subtilis,True,0.8237264156341553,Serratia marcescens,0.020799968391656876,Priestia megaterium,0.01584748364984989,0.8029264211654663,1.0683293342590332
oof,Bacillus subtilis|IMG_20260225_110621,Bacillus subtilis,IMG_20260225_110621,train,10,Bacillus subtilis,Bacillus subtilis,True,0.6755222678184509,Brevundimonas huaxiensis,0.08688227087259293,Bacillus thuringiensis,0.04005027189850807,0.5886399745941162,1.598427176475525
oof,Bacillus subtilis|IMG_20260225_110627,Bacillus subtilis,IMG_20260225_110627,train,12,Bacillus subtilis,Bacillus subtilis,True,0.7196515798568726,Brevundimonas huaxiensis,0.03852768987417221,Priestia megaterium,0.036530714482069016,0.6811239123344421,1.5115556716918945
oof,Bacillus subtilis|IMG_20260225_110630,Bacillus subtilis,IMG_20260225_110630,train,10,Bacillus subtilis,Bacillus subtilis,True,0.7075796127319336,Priestia megaterium,0.06516265124082565,Burkholderia arboris,0.029132016003131866,0.6424169540405273,1.5335078239440918
oof,Bacillus subtilis|IMG_20260225_110635,Bacillus subtilis,IMG_20260225_110635,train,11,Bacillus subtilis,Bacillus subtilis,True,0.735689103603363,Brevundimonas huaxiensis,0.07791519910097122,Brevibacillus agri,0.029812175780534744,0.6577739119529724,1.3113980293273926
oof,Bacillus subtilis|IMG_20260225_110638,Bacillus subtilis,IMG_20260225_110638,train,11,Bacillus subtilis,Bacillus subtilis,True,0.9211986660957336,Brevundimonas huaxiensis,0.020943917334079742,Staphylococcus roterodami,0.009324108250439167,0.9002547264099121,0.507768988609314
oof,Bacillus subtilis|IMG_20260225_110641,Bacillus subtilis,IMG_20260225_110641,train,8,Bacillus subtilis,Bacillus subtilis,True,0.8244072198867798,Bacillus thuringiensis,0.12983042001724243,Pseudescherichia vulneris,0.004947718698531389,0.6945767998695374,0.7171266078948975
oof,Bacillus subtilis|IMG_20260225_110644,Bacillus subtilis,IMG_20260225_110644,train,7,Bacillus subtilis,Bacillus subtilis,True,0.8753794431686401,Priestia megaterium,0.0854252427816391,Brevundimonas huaxiensis,0.010007431730628014,0.7899541854858398,0.5686041116714478
oof,Bacillus subtilis|IMG_20260225_110653,Bacillus subtilis,IMG_20260225_110653,train,9,Bacillus subtilis,Bacillus subtilis,True,0.9212488532066345,Brevundimonas huaxiensis,0.024383049458265305,Priestia megaterium,0.02021344006061554,0.8968657851219177,0.4776671528816223
oof,Bacillus subtilis|IMG_20260225_110701,Bacillus subtilis,IMG_20260225_110701,train,11,Bacillus subtilis,Bacillus subtilis,True,0.9477687478065491,Staphylococcus roterodami,0.018604498356580734,Bacillus thuringiensis,0.004979732912033796,0.9291642308235168,0.3463045060634613
oof,Bacillus subtilis|IMG_20260225_110704,Bacillus subtilis,IMG_20260225_110704,train,12,Bacillus subtilis,Bacillus subtilis,True,0.9541754126548767,Staphylococcus ureilyticu,0.0059576998464763165,Priestia megaterium,0.0033759595826268196,0.9482176899909973,0.3419390618801117
oof,Bacillus subtilis|IMG_20260225_110707,Bacillus subtilis,IMG_20260225_110707,train,12,Bacillus subtilis,Bacillus subtilis,True,0.668886661529541,Priestia megaterium,0.1339770257472992,Staphylococcus roterodami,0.05096100643277168,0.5349096059799194,1.4248870611190796
oof,Bacillus subtilis|IMG_20260225_110710,Bacillus subtilis,IMG_20260225_110710,train,12,Bacillus subtilis,Bacillus subtilis,True,0.8933261036872864,Priestia megaterium,0.018384141847491264,Pseudescherichia vulneris,0.016078809276223183,0.8749419450759888,0.6499520540237427
oof,Bacillus subtilis|IMG_20260225_110712,Bacillus subtilis,IMG_20260225_110712,train,12,Bacillus subtilis,Bacillus subtilis,True,0.7907653450965881,Bacillus thuringiensis,0.05257866159081459,Priestia megaterium,0.03896980360150337,0.7381866574287415,1.0891821384429932
oof,Bacillus subtilis|IMG_20260225_110720,Bacillus subtilis,IMG_20260225_110720,train,12,Bacillus subtilis,Bacillus subtilis,True,0.9170840382575989,Priestia megaterium,0.01322333887219429,Brevundimonas huaxiensis,0.007543726358562708,0.9038606882095337,0.5501053333282471
oof,Bacillus subtilis|IMG_20260225_110723,Bacillus subtilis,IMG_20260225_110723,train,12,Bacillus subtilis,Bacillus subtilis,True,0.8903664350509644,Staphylococcus roterodami,0.027004195377230644,Priestia megaterium,0.011258592829108238,0.8633622527122498,0.6789746284484863
oof,Bacillus thuringiensis|IMG_20260227_112601,Bacillus thuringiensis,IMG_20260227_112601,train,4,Bacillus thuringiensis,Bacillus thuringiensis,True,0.3948124647140503,Bacillus subtilis,0.34773731231689453,Stenotrophomonas pavanii,0.19507502019405365,0.04707515239715576,1.4162085056304932
oof,Bacillus thuringiensis|IMG_20260227_112605,Bacillus thuringiensis,IMG_20260227_112605,train,4,Bacillus thuringiensis,Bacillus thuringiensis,True,0.5830579996109009,Brevibacillus agri,0.05198495090007782,Bacillus subtilis,0.049809135496616364,0.5310730338096619,2.027533769607544
oof,Bacillus thuringiensis|IMG_20260227_112609,Bacillus thuringiensis,IMG_20260227_112609,train,5,Bacillus thuringiensis,Bacillus thuringiensis,True,0.7736114859580994,Staphylococcus roterodami,0.07257501035928726,Bacillus pumilus,0.038923460990190506,0.7010364532470703,1.0975759029388428
oof,Bacillus thuringiensis|IMG_20260227_112612,Bacillus thuringiensis,IMG_20260227_112612,train,4,Bacillus thuringiensis,Bacillus thuringiensis,True,0.2610549330711365,Bacillus subtilis,0.1276044249534607,Brevundimonas huaxiensis,0.11555419117212296,0.13345050811767578,2.7555181980133057
oof,Bacillus thuringiensis|IMG_20260227_112624,Bacillus thuringiensis,IMG_20260227_112624,train,11,Bacillus thuringiensis,Bacillus thuringiensis,True,0.7093300819396973,Bacillus haynesii,0.060441505163908005,Bacillus subtilis,0.05283256620168686,0.6488885879516602,1.477905035018921
oof,Bacillus thuringiensis|IMG_20260227_112627,Bacillus thuringiensis,IMG_20260227_112627,train,11,Bacillus thuringiensis,Bacillus thuringiensis,True,0.5568301677703857,Bacillus subtilis,0.1569778174161911,Staphylococcus roterodami,0.07965245097875595,0.39985233545303345,1.846039056777954
oof,Bacillus thuringiensis|IMG_20260227_112630,Bacillus thuringiensis,IMG_20260227_112630,train,9,Bacillus thuringiensis,Bacillus thuringiensis,True,0.7196215391159058,Bacillus subtilis,0.08560457080602646,Priestia megaterium,0.030396243557333946,0.6340169906616211,1.40818190574646
oof,Bacillus thuringiensis|IMG_20260227_112632,Bacillus thuringiensis,IMG_20260227_112632,train,12,Bacillus thuringiensis,Bacillus thuringiensis,True,0.45047280192375183,Bacillus subtilis,0.11859859526157379,Bacillus pumilus,0.09166505187749863,0.33187419176101685,2.3677196502685547
oof,Brachybacterium conglomeratum|IMG_20251226_152936,Brachybacterium conglomeratum,IMG_20251226_152936,train,12,Brachybacterium conglomeratum,Brachybacterium conglomeratum,True,0.6238099336624146,Micrococcus yunnanensis,0.08456647396087646,Aureobasidium melanogenum,0.032380785793066025,0.5392434597015381,1.8413482904434204
oof,Brachybacterium conglomeratum|IMG_20251226_152943,Brachybacterium conglomeratum,IMG_20251226_152943,train,12,Brachybacterium conglomeratum,Brachybacterium conglomeratum,True,0.5647757053375244,Chryseobacterium indologenes,0.0820259153842926,Micrococcus yunnanensis,0.08038447052240372,0.4827497899532318,1.8810031414031982
oof,Brachybacterium conglomeratum|IMG_20251226_152954,Brachybacterium conglomeratum,IMG_20251226_152954,train,12,Brachybacterium conglomeratum,Brachybacterium conglomeratum,True,0.8144009709358215,Brachybacterium paraconglomeratum,0.0728011205792427,Micrococcus yunnanensis,0.014574471861124039,0.7415998578071594,0.9937888979911804
oof,Brachybacterium conglomeratum|IMG_20251226_153010,Brachybacterium conglomeratum,IMG_20251226_153010,train,12,Brachybacterium conglomeratum,Brachybacterium conglomeratum,True,0.7625058889389038,Bacillus cereus,0.05453380197286606,Bacillus pumilus,0.04451753944158554,0.7079721093177795,1.24785578250885
oof,Brachybacterium conglomeratum|IMG_20251226_153109,Brachybacterium conglomeratum,IMG_20251226_153109,train,12,Brachybacterium conglomeratum,Brachybacterium conglomeratum,True,0.9241178035736084,Chryseobacterium indologenes,0.05020076036453247,Brachybacterium paraconglomeratum,0.0031060294713824987,0.8739170432090759,0.4018385708332062
oof,Brachybacterium conglomeratum|IMG_20251226_153118,Brachybacterium conglomeratum,IMG_20251226_153118,train,12,Brachybacterium conglomeratum,Brachybacterium conglomeratum,True,0.7172040939331055,Brachybacterium paraconglomeratum,0.14215530455112457,Chryseobacterium indologenes,0.03943048417568207,0.5750488042831421,1.2034307718276978
oof,Brachybacterium conglomeratum|IMG_20251226_153143,Brachybacterium conglomeratum,IMG_20251226_153143,train,12,Brachybacterium conglomeratum,Brachybacterium conglomeratum,True,0.8331669569015503,Brachybacterium paraconglomeratum,0.08947304636240005,Enterobacter quasihormaechei,0.0267602801322937,0.7436938881874084,0.7798458337783813
oof,Brachybacterium conglomeratum|IMG_20251226_153145,Brachybacterium conglomeratum,IMG_20251226_153145,train,12,Brachybacterium conglomeratum,Brachybacterium conglomeratum,True,0.901054859161377,Brachybacterium paraconglomeratum,0.025457778945565224,Micrococcus yunnanensis,0.022831743583083153,0.8755970597267151,0.5834997296333313
oof,Brachybacterium conglomeratum|IMG_20251226_153147,Brachybacterium conglomeratum,IMG_20251226_153147,train,12,Brachybacterium conglomeratum,Brachybacterium conglomeratum,True,0.8435596823692322,Brachybacterium paraconglomeratum,0.08886793255805969,Micrococcus yunnanensis,0.016100125387310982,0.7546917200088501,0.747843861579895
oof,Brachybacterium conglomeratum|IMG_20251226_153242,Brachybacterium conglomeratum,IMG_20251226_153242,train,11,Brachybacterium conglomeratum,Brachybacterium conglomeratum,True,0.43861857056617737,Chryseobacterium indologenes,0.11025102436542511,Micrococcus yunnanensis,0.10165746510028839,0.32836753129959106,2.389777898788452
oof,Brachybacterium paraconglomeratum|IMG_20251229_164809,Brachybacterium paraconglomeratum,IMG_20251229_164809,train,11,Brachybacterium paraconglomeratum,Brachybacterium paraconglomeratum,True,0.3878508508205414,Enterobacter quasihormaechei,0.2075956016778946,Faucicola osloensis,0.08576460182666779,0.1802552491426468,2.294065237045288
oof,Brachybacterium paraconglomeratum|IMG_20251229_164815,Brachybacterium paraconglomeratum,IMG_20251229_164815,train,12,Brachybacterium paraconglomeratum,Brachybacterium paraconglomeratum,True,0.7723140716552734,Chryseobacterium indologenes,0.04559239372611046,Enterobacter quasihormaechei,0.03459717705845833,0.7267217040061951,1.2343459129333496
oof,Brachybacterium paraconglomeratum|IMG_20251229_164816,Brachybacterium paraconglomeratum,IMG_20251229_164816,train,12,Brachybacterium paraconglomeratum,Brachybacterium paraconglomeratum,True,0.823309600353241,Faucicola osloensis,0.03459838032722473,Enterobacter quasihormaechei,0.024387074634432793,0.7887111902236938,0.9964011311531067
oof,Brachybacterium paraconglomeratum|IMG_20251229_164835,Brachybacterium paraconglomeratum,IMG_20251229_164835,train,12,Brachybacterium paraconglomeratum,Brachybacterium paraconglomeratum,True,0.8134956955909729,Acinetobacter seifertii,0.06487846374511719,Enterobacter quasihormaechei,0.0216982364654541,0.7486172318458557,0.9943070411682129
oof,Brachybacterium paraconglomeratum|IMG_20251229_164910,Brachybacterium paraconglomeratum,IMG_20251229_164910,train,12,Brachybacterium paraconglomeratum,Brachybacterium paraconglomeratum,True,0.7398232817649841,Pantoea ananatis,0.05742591992020607,Faucicola osloensis,0.036551591008901596,0.6823973655700684,1.3821232318878174
oof,Brachybacterium paraconglomeratum|IMG_20251229_164923,Brachybacterium paraconglomeratum,IMG_20251229_164923,train,11,Brachybacterium paraconglomeratum,Brachybacterium paraconglomeratum,True,0.9117020964622498,Acinetobacter seifertii,0.017320644110441208,Pseudescherichia vulneris,0.009277485311031342,0.8943814635276794,0.575591504573822
oof,Brachybacterium paraconglomeratum|IMG_20251229_164933,Brachybacterium paraconglomeratum,IMG_20251229_164933,train,9,Brachybacterium paraconglomeratum,Brachybacterium paraconglomeratum,True,0.8405930995941162,Arthrobacter gandavensis,0.026301221922039986,Micrococcus yunnanensis,0.025987716391682625,0.8142918944358826,0.9155271649360657
oof,Brachybacterium paraconglomeratum|IMG_20251229_165013,Brachybacterium paraconglomeratum,IMG_20251229_165013,train,10,Brachybacterium paraconglomeratum,Brachybacterium paraconglomeratum,True,0.6856305003166199,Brachybacterium conglomeratum,0.05468078330159187,Pantoea ananatis,0.02787904068827629,0.6309497356414795,1.6125222444534302
oof,Brachybacterium paraconglomeratum|IMG_20251229_165022,Brachybacterium paraconglomeratum,IMG_20251229_165022,train,11,Brachybacterium paraconglomeratum,Brachybacterium paraconglomeratum,True,0.7649006247520447,Kocuria rhizophila,0.035907406359910965,Brachybacterium conglomeratum,0.03225674852728844,0.7289932370185852,1.2973194122314453
oof,Brachybacterium paraconglomeratum|IMG_20251229_165030,Brachybacterium paraconglomeratum,IMG_20251229_165030,train,8,Brachybacterium paraconglomeratum,Brachybacterium paraconglomeratum,True,0.6203694939613342,Pantoea ananatis,0.14829328656196594,Kocuria rhizophila,0.06787676364183426,0.4720762073993683,1.592287540435791
oof,Brachybacterium paraconglomeratum|IMG_20251229_165032,Brachybacterium paraconglomeratum,IMG_20251229_165032,train,6,Brachybacterium paraconglomeratum,Brachybacterium paraconglomeratum,True,0.8281677961349487,Chryseobacterium indologenes,0.07594190537929535,Pantoea ananatis,0.022224944084882736,0.7522258758544922,0.8865994811058044
oof,Brachybacterium paraconglomeratum|IMG_20251229_165033,Brachybacterium paraconglomeratum,IMG_20251229_165033,train,4,Brachybacterium paraconglomeratum,Brachybacterium paraconglomeratum,True,0.9685709476470947,Chryseobacterium indologenes,0.0056394655257463455,Pantoea ananatis,0.004957301076501608,0.9629314541816711,0.2387292981147766
oof,Brachybacterium paraconglomeratum|IMG_20251229_165039,Brachybacterium paraconglomeratum,IMG_20251229_165039,train,9,Brachybacterium paraconglomeratum,Brachybacterium paraconglomeratum,True,0.7963083982467651,Brachybacterium conglomeratum,0.02372378297150135,Acinetobacter seifertii,0.018298333510756493,0.7725846171379089,1.1805862188339233
oof,Brachybacterium paraconglomeratum|IMG_20251229_165048,Brachybacterium paraconglomeratum,IMG_20251229_165048,train,12,Brachybacterium paraconglomeratum,Brachybacterium paraconglomeratum,True,0.8904990553855896,Enterobacter quasihormaechei,0.03460788354277611,Pantoea ananatis,0.014393745921552181,0.8558911681175232,0.6483706831932068
oof,Brachybacterium paraconglomeratum|IMG_20251229_165050,Brachybacterium paraconglomeratum,IMG_20251229_165050,train,12,Brachybacterium paraconglomeratum,Brachybacterium paraconglomeratum,True,0.8916079998016357,Staphylococcus capitis,0.032971907407045364,Staphylococcus taiwanensis,0.02438587136566639,0.8586360812187195,0.6251294016838074
oof,Brachybacterium paraconglomeratum|IMG_20251229_165053,Brachybacterium paraconglomeratum,IMG_20251229_165053,train,12,Brachybacterium paraconglomeratum,Brachybacterium paraconglomeratum,True,0.9647451043128967,Acinetobacter seifertii,0.005731281358748674,Enterobacter quasihormaechei,0.003284247824922204,0.959013819694519,0.2692413926124573
oof,Brachybacterium paraconglomeratum|IMG_20251229_165056,Brachybacterium paraconglomeratum,IMG_20251229_165056,train,11,Brachybacterium paraconglomeratum,Brachybacterium paraconglomeratum,True,0.976412832736969,Enterobacter quasihormaechei,0.004947397857904434,Pantoea ananatis,0.002505674958229065,0.9714654088020325,0.1866683065891266
oof,Brachybacterium paraconglomeratum|IMG_20251229_165057,Brachybacterium paraconglomeratum,IMG_20251229_165057,train,11,Brachybacterium paraconglomeratum,Brachybacterium paraconglomeratum,True,0.7901246547698975,Pantoea ananatis,0.06798600405454636,Enterobacter quasihormaechei,0.054972413927316666,0.7221386432647705,1.0316171646118164
oof,Brachybacterium paraconglomeratum|IMG_20251229_165059,Brachybacterium paraconglomeratum,IMG_20251229_165059,train,9,Brachybacterium paraconglomeratum,Brachybacterium paraconglomeratum,True,0.9446670413017273,Enterobacter quasihormaechei,0.014890273101627827,Pantoea ananatis,0.005348106846213341,0.9297767877578735,0.38289332389831543
oof,Brachybacterium paraconglomeratum|IMG_20251229_165104,Brachybacterium paraconglomeratum,IMG_20251229_165104,train,9,Brachybacterium paraconglomeratum,Brachybacterium paraconglomeratum,True,0.8773088455200195,Pantoea ananatis,0.018989892676472664,Arthrobacter gandavensis,0.010330754332244396,0.8583189249038696,0.7871931791305542
oof,Brevibacillus agri|IMG_20260114_162039,Brevibacillus agri,IMG_20260114_162039,train,6,Brevibacillus agri,Brevibacillus agri,True,0.5144550800323486,Pseudescherichia vulneris,0.07240765541791916,Stenotrophomonas maltophilia,0.0319402739405632,0.4420474171638489,2.3602380752563477
oof,Brevibacillus agri|IMG_20260114_162042,Brevibacillus agri,IMG_20260114_162042,train,3,Brevibacillus agri,Ralstonia pickettii,False,0.3984309732913971,Arthrobacter gandavensis,0.14072120189666748,Bacillus pumilus,0.060882870107889175,0.2577097713947296,2.4716908931732178
oof,Brevibacillus agri|IMG_20260114_162048,Brevibacillus agri,IMG_20260114_162048,train,3,Brevibacillus agri,Brevibacillus agri,True,0.9849872589111328,Pseudescherichia vulneris,0.0036966148763895035,Bacillus manliponensis,0.003689680015668273,0.9812906384468079,0.11215850710868835
oof,Brevibacillus agri|IMG_20260114_162057,Brevibacillus agri,IMG_20260114_162057,train,7,Brevibacillus agri,Brevibacillus agri,True,0.8635706305503845,Stenotrophomonas maltophilia,0.03829175978899002,Staphylococcus roterodami,0.012935015372931957,0.8252788782119751,0.8079421520233154
oof,Brevibacillus agri|IMG_20260114_162059,Brevibacillus agri,IMG_20260114_162059,train,6,Brevibacillus agri,Brevibacillus agri,True,0.7911598086357117,Stenotrophomonas maltophilia,0.04537707194685936,Pseudescherichia vulneris,0.022847646847367287,0.745782732963562,1.152269959449768
oof,Brevibacillus agri|IMG_20260114_162101,Brevibacillus agri,IMG_20260114_162101,train,9,Brevibacillus agri,Brevibacillus agri,True,0.6477473378181458,Faucicola osloensis,0.047919467091560364,Stenotrophomonas maltophilia,0.02230646461248398,0.5998278856277466,1.8789050579071045
oof,Brevibacillus agri|IMG_20260114_162103,Brevibacillus agri,IMG_20260114_162103,train,5,Brevibacillus agri,Brevibacillus agri,True,0.8547145128250122,Stenotrophomonas maltophilia,0.07077214866876602,Bacillus manliponensis,0.011809657327830791,0.7839423418045044,0.7510900497436523
oof,Brevibacillus agri|IMG_20260114_162106,Brevibacillus agri,IMG_20260114_162106,train,5,Brevibacillus agri,Brevibacillus agri,True,0.6689345240592957,Stenotrophomonas maltophilia,0.2037060409784317,Acinetobacter seifertii,0.04939134046435356,0.46522849798202515,1.2097880840301514
oof,Brevibacillus agri|IMG_20260114_162107,Brevibacillus agri,IMG_20260114_162107,train,5,Brevibacillus agri,Brevibacillus agri,True,0.7538632154464722,Bacillus pumilus,0.09277716279029846,Stenotrophomonas maltophilia,0.023375550284981728,0.6610860824584961,1.2331503629684448
oof,Brevibacillus agri|IMG_20260114_162111,Brevibacillus agri,IMG_20260114_162111,train,4,Brevibacillus agri,Brevibacillus agri,True,0.9897235035896301,Stenotrophomonas maltophilia,0.007775605656206608,Pseudescherichia vulneris,0.0006030899239704013,0.9819478988647461,0.0705651268362999
oof,Brevibacillus agri|IMG_20260114_162112,Brevibacillus agri,IMG_20260114_162112,train,3,Brevibacillus agri,Brevibacillus agri,True,0.9928780198097229,Stenotrophomonas maltophilia,0.0017920441459864378,Ralstonia pickettii,0.0007257869001477957,0.991085946559906,0.06408070027828217
oof,Brevibacillus agri|IMG_20260114_162130,Brevibacillus agri,IMG_20260114_162130,train,11,Brevibacillus agri,Brevibacillus agri,True,0.6835275888442993,Arthrobacter gandavensis,0.06368900835514069,Bacillus haynesii,0.023124242201447487,0.6198385953903198,1.6233534812927246
oof,Brevibacillus agri|IMG_20260114_162159,Brevibacillus agri,IMG_20260114_162159,train,5,Brevibacillus agri,Bacillus pumilus,False,0.19073078036308289,Bacillus haynesii,0.18438981473445892,Brevundimonas huaxiensis,0.12797771394252777,0.006340965628623962,2.742252826690674
oof,Brevibacillus agri|IMG_20260114_162202,Brevibacillus agri,IMG_20260114_162202,train,6,Brevibacillus agri,Brevibacillus agri,True,0.623195230960846,Bacillus pumilus,0.11177933216094971,Arthrobacter gandavensis,0.06764445453882217,0.5114158987998962,1.5931931734085083
oof,Brevibacillus agri|IMG_20260114_162210,Brevibacillus agri,IMG_20260114_162210,train,8,Brevibacillus agri,Brevibacillus agri,True,0.13313917815685272,Bacillus pumilus,0.13293512165546417,Staphylococcus roterodami,0.13276641070842743,0.0002040565013885498,3.031615972518921
oof,Brevibacillus agri|IMG_20260114_162212,Brevibacillus agri,IMG_20260114_162212,train,6,Brevibacillus agri,Brevibacillus agri,True,0.6990823149681091,Brevundimonas huaxiensis,0.14491602778434753,Bacillus pumilus,0.022137364372611046,0.554166316986084,1.3013381958007812
oof,Brevibacillus agri|IMG_20260114_162213,Brevibacillus agri,IMG_20260114_162213,train,5,Brevibacillus agri,Brevibacillus agri,True,0.5009106993675232,Priestia megaterium,0.14443151652812958,Bacillus manliponensis,0.11673744022846222,0.3564791679382324,1.9224907159805298
oof,Brevibacillus agri|IMG_20260114_162217,Brevibacillus agri,IMG_20260114_162217,train,3,Brevibacillus agri,Brevibacillus agri,True,0.9915388226509094,Bacillus manliponensis,0.0020116923842579126,Bacillus pumilus,0.0018660115310922265,0.9895271062850952,0.07228165119886398
oof,Brevibacillus agri|IMG_20260114_162219,Brevibacillus agri,IMG_20260114_162219,train,3,Brevibacillus agri,Brevibacillus agri,True,0.993793785572052,Bacillus haynesii,0.0008493064087815583,Stenotrophomonas maltophilia,0.0007421717164106667,0.9929444789886475,0.05774395167827606
oof,Brevibacillus agri|IMG_20260114_162222,Brevibacillus agri,IMG_20260114_162222,train,4,Brevibacillus agri,Brevibacillus agri,True,0.7534132599830627,Bacillus haynesii,0.03036157414317131,Bacillus cereus,0.021765366196632385,0.7230516672134399,1.3875609636306763
oof,Brevibacillus agri|IMG_20260114_162223,Brevibacillus agri,IMG_20260114_162223,train,4,Brevibacillus agri,Brevibacillus agri,True,0.755379319190979,Bacillus pumilus,0.059847142547369,Bacillus manliponensis,0.015310447663068771,0.6955322027206421,1.3158537149429321
oof,Brevibacillus agri|IMG_20260114_162230,Brevibacillus agri,IMG_20260114_162230,train,3,Brevibacillus agri,Brevibacillus agri,True,0.9644789695739746,Bacillus manliponensis,0.024973256513476372,Bacillus haynesii,0.0016852895496413112,0.9395056962966919,0.20802190899848938
oof,Brevundimonas huaxiensis|IMG_20260214_095702,Brevundimonas huaxiensis,IMG_20260214_095702,train,68,Brevundimonas huaxiensis,Brevundimonas huaxiensis,True,0.9186355471611023,Bacillus subtilis,0.012354771606624126,Priestia megaterium,0.010453782044351101,0.9062807559967041,0.5490707755088806
oof,Brevundimonas huaxiensis|IMG_20260214_095705,Brevundimonas huaxiensis,IMG_20260214_095705,train,69,Brevundimonas huaxiensis,Brevundimonas huaxiensis,True,0.9624703526496887,Chryseobacterium hagamense,0.005361164920032024,Bacillus subtilis,0.004660230129957199,0.9571092128753662,0.2818833291530609
oof,Brevundimonas huaxiensis|IMG_20260214_095709,Brevundimonas huaxiensis,IMG_20260214_095709,train,77,Brevundimonas huaxiensis,Brevundimonas huaxiensis,True,0.9035975337028503,Bacillus subtilis,0.013575850985944271,Bacillus manliponensis,0.008604193106293678,0.8900216817855835,0.642759382724762
oof,Brevundimonas huaxiensis|IMG_20260214_095725,Brevundimonas huaxiensis,IMG_20260214_095725,train,61,Brevundimonas huaxiensis,Brevundimonas huaxiensis,True,0.8495716452598572,Bacillus infantis,0.011262101121246815,Bacillus subtilis,0.011003966443240643,0.8383095264434814,0.9313547611236572
oof,Brevundimonas huaxiensis|IMG_20260214_095728,Brevundimonas huaxiensis,IMG_20260214_095728,train,40,Brevundimonas huaxiensis,Brevundimonas huaxiensis,True,0.9575297832489014,Bacillus subtilis,0.007557084783911705,Stenotrophomonas pavanii,0.0026563331484794617,0.9499726891517639,0.3157230317592621
oof,Brevundimonas huaxiensis|IMG_20260214_095751,Brevundimonas huaxiensis,IMG_20260214_095751,train,55,Brevundimonas huaxiensis,Brevundimonas huaxiensis,True,0.8962463140487671,Bacillus infantis,0.020861297845840454,Priestia megaterium,0.01719290390610695,0.875385046005249,0.6402145028114319
oof,Brevundimonas huaxiensis|IMG_20260214_095805,Brevundimonas huaxiensis,IMG_20260214_095805,train,77,Brevundimonas huaxiensis,Brevundimonas huaxiensis,True,0.8784380555152893,Bacillus manliponensis,0.012371626682579517,Chryseobacterium hagamense,0.009262572973966599,0.8660664558410645,0.7851986289024353
oof,Chryseobacterium hagamense|IMG_20260214_092907,Chryseobacterium hagamense,IMG_20260214_092907,train,3,Chryseobacterium hagamense,Chryseobacterium hagamense,True,0.936830997467041,Enterococcus innesii,0.04987310245633125,Chryseobacterium mulctrae,0.0013341293670237064,0.8869578838348389,0.3134082555770874
oof,Chryseobacterium hagamense|IMG_20260214_092916,Chryseobacterium hagamense,IMG_20260214_092916,train,7,Chryseobacterium hagamense,Chryseobacterium hagamense,True,0.9797065854072571,Chryseobacterium mulctrae,0.003163855755701661,Enterococcus innesii,0.003022741060703993,0.9765427112579346,0.16325409710407257
oof,Chryseobacterium hagamense|IMG_20260214_092919,Chryseobacterium hagamense,IMG_20260214_092919,train,11,Chryseobacterium hagamense,Chryseobacterium hagamense,True,0.8786693811416626,Chryseobacterium mulctrae,0.031453315168619156,Acinetobacter oryzae,0.021500853821635246,0.8472160696983337,0.727186918258667
oof,Chryseobacterium hagamense|IMG_20260214_092922,Chryseobacterium hagamense,IMG_20260214_092922,train,11,Chryseobacterium hagamense,Chryseobacterium hagamense,True,0.8693974614143372,Enterococcus innesii,0.02521125227212906,Chryseobacterium mulctrae,0.019693750888109207,0.8441861867904663,0.7900136113166809
oof,Chryseobacterium hagamense|IMG_20260214_092925,Chryseobacterium hagamense,IMG_20260214_092925,train,7,Chryseobacterium hagamense,Chryseobacterium hagamense,True,0.8699040412902832,Brevundimonas huaxiensis,0.017048027366399765,Stenotrophomonas maltophilia,0.01658010482788086,0.8528560400009155,0.8225955367088318
oof,Chryseobacterium hagamense|IMG_20260214_093022,Chryseobacterium hagamense,IMG_20260214_093022,train,8,Chryseobacterium hagamense,Chryseobacterium hagamense,True,0.8810722827911377,Chryseobacterium mulctrae,0.08323360979557037,Enterococcus innesii,0.0052202618680894375,0.7978386878967285,0.5563318133354187
oof,Chryseobacterium hagamense|IMG_20260214_093025,Chryseobacterium hagamense,IMG_20260214_093025,train,9,Chryseobacterium hagamense,Chryseobacterium hagamense,True,0.9018622636795044,Chryseobacterium mulctrae,0.011932618916034698,Priestia megaterium,0.010096944868564606,0.8899296522140503,0.648460865020752
oof,Chryseobacterium hagamense|IMG_20260214_093056,Chryseobacterium hagamense,IMG_20260214_093056,train,9,Chryseobacterium hagamense,Chryseobacterium hagamense,True,0.6452497243881226,Acinetobacter oryzae,0.11875095218420029,Pantoea ananatis,0.02350684255361557,0.5264987945556641,1.6782443523406982
oof,Chryseobacterium hagamense|IMG_20260214_093110,Chryseobacterium hagamense,IMG_20260214_093110,train,10,Chryseobacterium hagamense,Chryseobacterium hagamense,True,0.8274339437484741,Chryseobacterium mulctrae,0.07304880768060684,Enterococcus innesii,0.02143741399049759,0.7543851137161255,0.8780825734138489
oof,Chryseobacterium hagamense|IMG_20260214_093125,Chryseobacterium hagamense,IMG_20260214_093125,train,9,Chryseobacterium hagamense,Chryseobacterium hagamense,True,0.8419652581214905,Arthrobacter gandavensis,0.034065358340740204,Chryseobacterium mulctrae,0.02658025361597538,0.8078998923301697,0.8778092265129089
oof,Chryseobacterium hagamense|IMG_20260214_093141,Chryseobacterium hagamense,IMG_20260214_093141,train,11,Chryseobacterium hagamense,Chryseobacterium hagamense,True,0.8885435461997986,Enterococcus innesii,0.028444482013583183,Ralstonia pickettii,0.0108989542350173,0.8600990772247314,0.6886032819747925
oof,Chryseobacterium hagamense|IMG_20260214_093146,Chryseobacterium hagamense,IMG_20260214_093146,train,9,Chryseobacterium hagamense,Chryseobacterium hagamense,True,0.9238957166671753,Chryseobacterium mulctrae,0.025629397481679916,Enterobacter quasihormaechei,0.00855111051350832,0.8982663154602051,0.4807007312774658
oof,Chryseobacterium hagamense|IMG_20260214_093149,Chryseobacterium hagamense,IMG_20260214_093149,train,10,Chryseobacterium hagamense,Chryseobacterium hagamense,True,0.6006074547767639,Acinetobacter oryzae,0.06014315038919449,Chryseobacterium mulctrae,0.05836677551269531,0.5404642820358276,1.898180365562439
oof,Chryseobacterium hagamense|IMG_20260214_093153,Chryseobacterium hagamense,IMG_20260214_093153,train,10,Chryseobacterium hagamense,Chryseobacterium hagamense,True,0.9162421822547913,Chryseobacterium mulctrae,0.015141908079385757,Chryseobacterium indologenes,0.010316328145563602,0.9011002779006958,0.5551980137825012
oof,Chryseobacterium hagamense|IMG_20260214_093210,Chryseobacterium hagamense,IMG_20260214_093210,train,9,Chryseobacterium hagamense,Chryseobacterium hagamense,True,0.7465032935142517,Enterococcus innesii,0.04741289094090462,Stenotrophomonas maltophilia,0.043586984276771545,0.6990904211997986,1.3358330726623535
oof,Chryseobacterium hagamense|IMG_20260214_093234,Chryseobacterium hagamense,IMG_20260214_093234,train,8,Chryseobacterium hagamense,Chryseobacterium hagamense,True,0.9321414232254028,Chryseobacterium mulctrae,0.013364446349442005,Stenotrophomonas maltophilia,0.007240755949169397,0.9187769889831543,0.469441294670105
oof,Chryseobacterium hagamense|IMG_20260214_093237,Chryseobacterium hagamense,IMG_20260214_093237,train,10,Chryseobacterium hagamense,Chryseobacterium hagamense,True,0.8804892301559448,Priestia megaterium,0.018802247941493988,Staphylococcus capitis,0.007911470718681812,0.8616870045661926,0.770077645778656
oof,Chryseobacterium hagamense|IMG_20260214_093241,Chryseobacterium hagamense,IMG_20260214_093241,train,10,Chryseobacterium hagamense,Chryseobacterium hagamense,True,0.8465587496757507,Chryseobacterium mulctrae,0.017984692007303238,Brachybacterium paraconglomeratum,0.010736938565969467,0.8285740613937378,0.9663246273994446
oof,Chryseobacterium hagamense|IMG_20260214_093248,Chryseobacterium hagamense,IMG_20260214_093248,train,6,Chryseobacterium hagamense,Chryseobacterium hagamense,True,0.7443138360977173,Chryseobacterium mulctrae,0.057408157736063004,Enterobacter quasihormaechei,0.017175665125250816,0.6869056820869446,1.4076751470565796
oof,Chryseobacterium hagamense|IMG_20260214_093251,Chryseobacterium hagamense,IMG_20260214_093251,train,6,Chryseobacterium hagamense,Chryseobacterium hagamense,True,0.45583900809288025,Chryseobacterium indologenes,0.1733267903327942,Chryseobacterium mulctrae,0.13077065348625183,0.28251221776008606,2.0363309383392334
oof,Chryseobacterium indologenes|IMG_20251225_133119,Chryseobacterium indologenes,IMG_20251225_133119,train,12,Chryseobacterium indologenes,Chryseobacterium indologenes,True,0.7273381352424622,Brachybacterium conglomeratum,0.05802236869931221,Chryseobacterium mulctrae,0.05218605697154999,0.669315755367279,1.3682289123535156
oof,Chryseobacterium indologenes|IMG_20251225_133127,Chryseobacterium indologenes,IMG_20251225_133127,train,12,Chryseobacterium indologenes,Chryseobacterium indologenes,True,0.7860417366027832,Chryseobacterium mulctrae,0.08322576433420181,Kocuria rhizophila,0.03197435289621353,0.7028159499168396,1.0298465490341187
oof,Chryseobacterium indologenes|IMG_20251225_133138,Chryseobacterium indologenes,IMG_20251225_133138,train,12,Chryseobacterium indologenes,Chryseobacterium indologenes,True,0.9126328825950623,Brachybacterium conglomeratum,0.05802092328667641,Chryseobacterium mulctrae,0.005434620659798384,0.8546119332313538,0.4402051270008087
oof,Chryseobacterium indologenes|IMG_20251225_133144,Chryseobacterium indologenes,IMG_20251225_133144,train,12,Chryseobacterium indologenes,Chryseobacterium indologenes,True,0.799580454826355,Chryseobacterium mulctrae,0.06018649786710739,Pantoea ananatis,0.05206435173749924,0.739393949508667,0.9777493476867676
oof,Chryseobacterium indologenes|IMG_20251225_133227,Chryseobacterium indologenes,IMG_20251225_133227,train,12,Chryseobacterium indologenes,Chryseobacterium indologenes,True,0.7146276831626892,Chryseobacterium mulctrae,0.12157942354679108,Brachybacterium conglomeratum,0.04324251040816307,0.5930482745170593,1.2276651859283447
oof,Chryseobacterium indologenes|IMG_20251225_133244,Chryseobacterium indologenes,IMG_20251225_133244,train,12,Chryseobacterium indologenes,Chryseobacterium indologenes,True,0.6946296691894531,Brachybacterium conglomeratum,0.07588908076286316,Chryseobacterium mulctrae,0.050096847116947174,0.6187405586242676,1.4684171676635742
oof,Chryseobacterium indologenes|IMG_20251225_133303,Chryseobacterium indologenes,IMG_20251225_133303,train,12,Chryseobacterium indologenes,Chryseobacterium indologenes,True,0.7893444299697876,Brachybacterium conglomeratum,0.046990785747766495,Chryseobacterium mulctrae,0.03822828084230423,0.742353618144989,1.0825588703155518
oof,Chryseobacterium indologenes|IMG_20251225_133434,Chryseobacterium indologenes,IMG_20251225_133434,train,12,Chryseobacterium indologenes,Chryseobacterium indologenes,True,0.8517565727233887,Micrococcus yunnanensis,0.04883762076497078,Kocuria rhizophila,0.011843452230095863,0.8029189705848694,0.8404327034950256
oof,Chryseobacterium indologenes|IMG_20251225_133438,Chryseobacterium indologenes,IMG_20251225_133438,train,12,Chryseobacterium indologenes,Chryseobacterium indologenes,True,0.8446884155273438,Pantoea ananatis,0.12296520918607712,Chryseobacterium mulctrae,0.012284494936466217,0.721723198890686,0.5930062532424927
oof,Chryseobacterium indologenes|IMG_20251225_133556,Chryseobacterium indologenes,IMG_20251225_133556,train,11,Chryseobacterium indologenes,Chryseobacterium indologenes,True,0.5022767782211304,Micrococcus yunnanensis,0.12514695525169373,Brachybacterium conglomeratum,0.10049417614936829,0.37712982296943665,2.1043553352355957
oof,Chryseobacterium indologenes|IMG_20251225_133601,Chryseobacterium indologenes,IMG_20251225_133601,train,12,Chryseobacterium indologenes,Chryseobacterium indologenes,True,0.7429313063621521,Micrococcus yunnanensis,0.07699673622846603,Brachybacterium conglomeratum,0.05384783074259758,0.6659345626831055,1.2358932495117188
oof,Chryseobacterium mulctrae|IMG_20260214_092339,Chryseobacterium mulctrae,IMG_20260214_092339,train,8,Chryseobacterium mulctrae,Chryseobacterium mulctrae,True,0.7605859637260437,Chryseobacterium indologenes,0.1697009652853012,Brevundimonas huaxiensis,0.007323550526052713,0.5908849835395813,0.9361417293548584
oof,Chryseobacterium mulctrae|IMG_20260214_092352,Chryseobacterium mulctrae,IMG_20260214_092352,train,9,Chryseobacterium mulctrae,Chryseobacterium mulctrae,True,0.9366725087165833,Chryseobacterium indologenes,0.010910507291555405,Chryseobacterium hagamense,0.008159000426530838,0.9257619976997375,0.4330769181251526
oof,Chryseobacterium mulctrae|IMG_20260214_092357,Chryseobacterium mulctrae,IMG_20260214_092357,train,9,Chryseobacterium mulctrae,Chryseobacterium mulctrae,True,0.9201210141181946,Chryseobacterium hagamense,0.04138347506523132,Chryseobacterium indologenes,0.00863680150359869,0.8787375688552856,0.459160178899765
oof,Chryseobacterium mulctrae|IMG_20260214_092402,Chryseobacterium mulctrae,IMG_20260214_092402,train,9,Chryseobacterium mulctrae,Chryseobacterium mulctrae,True,0.924199640750885,Chryseobacterium hagamense,0.04524657130241394,Chryseobacterium indologenes,0.023063816130161285,0.8789530992507935,0.36183106899261475
oof,Chryseobacterium mulctrae|IMG_20260214_092430,Chryseobacterium mulctrae,IMG_20260214_092430,train,9,Chryseobacterium mulctrae,Chryseobacterium mulctrae,True,0.8179196119308472,Chryseobacterium hagamense,0.09527886658906937,Chryseobacterium indologenes,0.044633980840444565,0.7226407527923584,0.7975483536720276
oof,Chryseobacterium mulctrae|IMG_20260214_092442,Chryseobacterium mulctrae,IMG_20260214_092442,train,9,Chryseobacterium mulctrae,Chryseobacterium mulctrae,True,0.9727948307991028,Chryseobacterium hagamense,0.01640663668513298,Chryseobacterium indologenes,0.005597411189228296,0.9563881754875183,0.16904599964618683
oof,Chryseobacterium mulctrae|IMG_20260214_092453,Chryseobacterium mulctrae,IMG_20260214_092453,train,12,Chryseobacterium mulctrae,Chryseobacterium mulctrae,True,0.8003963828086853,Chryseobacterium indologenes,0.09229633212089539,Chryseobacterium hagamense,0.07292618602514267,0.7081000804901123,0.8178691864013672
oof,Chryseobacterium mulctrae|IMG_20260214_092509,Chryseobacterium mulctrae,IMG_20260214_092509,train,8,Chryseobacterium mulctrae,Chryseobacterium mulctrae,True,0.9118275046348572,Chryseobacterium indologenes,0.056010160595178604,Pantoea ananatis,0.003294255118817091,0.8558173179626465,0.4647400379180908
oof,Chryseobacterium mulctrae|IMG_20260214_092516,Chryseobacterium mulctrae,IMG_20260214_092516,train,9,Chryseobacterium mulctrae,Chryseobacterium mulctrae,True,0.936788022518158,Chryseobacterium indologenes,0.027327029034495354,Pantoea ananatis,0.011941631324589252,0.9094610214233398,0.3854162096977234
oof,Chryseobacterium mulctrae|IMG_20260214_092520,Chryseobacterium mulctrae,IMG_20260214_092520,train,9,Chryseobacterium mulctrae,Chryseobacterium mulctrae,True,0.9334284663200378,Chryseobacterium indologenes,0.05021115764975548,Brevundimonas huaxiensis,0.0024290969595313072,0.8832173347473145,0.3366009294986725
oof,Chryseobacterium mulctrae|IMG_20260214_092524,Chryseobacterium mulctrae,IMG_20260214_092524,train,12,Chryseobacterium mulctrae,Chryseobacterium mulctrae,True,0.899005651473999,Chryseobacterium hagamense,0.05960853025317192,Arthrobacter gandavensis,0.006134156137704849,0.839397132396698,0.5324717164039612
oof,Chryseobacterium mulctrae|IMG_20260214_092528,Chryseobacterium mulctrae,IMG_20260214_092528,train,9,Chryseobacterium mulctrae,Chryseobacterium mulctrae,True,0.9880247712135315,Chryseobacterium hagamense,0.007196716498583555,Brevundimonas huaxiensis,0.000560621963813901,0.980828046798706,0.08916177600622177
oof,Chryseobacterium mulctrae|IMG_20260214_092537,Chryseobacterium mulctrae,IMG_20260214_092537,train,9,Chryseobacterium mulctrae,Chryseobacterium mulctrae,True,0.8829153180122375,Chryseobacterium indologenes,0.03708728402853012,Chryseobacterium hagamense,0.01639586128294468,0.8458280563354492,0.6836591362953186
oof,Chryseobacterium mulctrae|IMG_20260214_092607,Chryseobacterium mulctrae,IMG_20260214_092607,train,9,Chryseobacterium mulctrae,Chryseobacterium mulctrae,True,0.9775330424308777,Chryseobacterium hagamense,0.015454236418008804,Pantoea ananatis,0.0012763359118252993,0.9620788097381592,0.14296062290668488
oof,Chryseobacterium mulctrae|IMG_20260214_092611,Chryseobacterium mulctrae,IMG_20260214_092611,train,9,Chryseobacterium mulctrae,Chryseobacterium mulctrae,True,0.9530848264694214,Chryseobacterium indologenes,0.009612233377993107,Chryseobacterium hagamense,0.008805807679891586,0.9434725642204285,0.3317936062812805
oof,Chryseobacterium mulctrae|IMG_20260214_092615,Chryseobacterium mulctrae,IMG_20260214_092615,train,9,Chryseobacterium mulctrae,Chryseobacterium mulctrae,True,0.9041770696640015,Chryseobacterium hagamense,0.029503803700208664,Chryseobacterium indologenes,0.01776532270014286,0.8746732473373413,0.5835834741592407
oof,Chryseobacterium mulctrae|IMG_20260214_092620,Chryseobacterium mulctrae,IMG_20260214_092620,train,9,Chryseobacterium mulctrae,Chryseobacterium mulctrae,True,0.7626309394836426,Chryseobacterium indologenes,0.13384504616260529,Chryseobacterium hagamense,0.07086443901062012,0.6287859082221985,0.890053927898407
oof,Chryseobacterium mulctrae|IMG_20260214_092623,Chryseobacterium mulctrae,IMG_20260214_092623,train,9,Chryseobacterium mulctrae,Chryseobacterium mulctrae,True,0.906475305557251,Chryseobacterium hagamense,0.05971170961856842,Chryseobacterium indologenes,0.01658269576728344,0.8467636108398438,0.45491817593574524
oof,Chryseobacterium mulctrae|IMG_20260214_092628,Chryseobacterium mulctrae,IMG_20260214_092628,train,9,Chryseobacterium mulctrae,Chryseobacterium mulctrae,True,0.6335684657096863,Chryseobacterium indologenes,0.2104470133781433,Chryseobacterium hagamense,0.04447555169463158,0.42312145233154297,1.362135887145996
oof,Chryseobacterium mulctrae|IMG_20260214_092633,Chryseobacterium mulctrae,IMG_20260214_092633,train,10,Chryseobacterium mulctrae,Chryseobacterium mulctrae,True,0.8415599465370178,Pantoea ananatis,0.06158651039004326,Chryseobacterium hagamense,0.020391933619976044,0.7799734473228455,0.8291219472885132
oof,Enterobacter quasihormaechei|IMG_20251227_105632,Enterobacter quasihormaechei,IMG_20251227_105632,train,10,Enterobacter quasihormaechei,Enterobacter quasihormaechei,True,0.4947475790977478,Serratia marcescens,0.06256166100502014,Acinetobacter seifertii,0.05464383214712143,0.43218591809272766,2.333848714828491
oof,Enterobacter quasihormaechei|IMG_20251227_105637,Enterobacter quasihormaechei,IMG_20251227_105637,train,11,Enterobacter quasihormaechei,Enterobacter quasihormaechei,True,0.6579544544219971,Staphylococcus cohnii,0.041559699922800064,Acinetobacter seifertii,0.035447463393211365,0.6163947582244873,1.7750544548034668
oof,Enterobacter quasihormaechei|IMG_20251227_105640,Enterobacter quasihormaechei,IMG_20251227_105640,train,10,Enterobacter quasihormaechei,Enterobacter quasihormaechei,True,0.4215836524963379,Brachybacterium paraconglomeratum,0.12084897607564926,Acinetobacter seifertii,0.06682208925485611,0.30073466897010803,2.4615607261657715
oof,Enterobacter quasihormaechei|IMG_20251227_105646,Enterobacter quasihormaechei,IMG_20251227_105646,train,8,Enterobacter quasihormaechei,Enterobacter quasihormaechei,True,0.45035260915756226,Ralstonia pickettii,0.08892034739255905,Acinetobacter seifertii,0.06484052538871765,0.3614322543144226,2.4595444202423096
oof,Enterobacter quasihormaechei|IMG_20251227_105710,Enterobacter quasihormaechei,IMG_20251227_105710,train,11,Enterobacter quasihormaechei,Enterobacter quasihormaechei,True,0.5321493744850159,Brachybacterium paraconglomeratum,0.07169637829065323,Bacillus haynesii,0.06838095933198929,0.46045300364494324,2.1482458114624023
oof,Enterobacter quasihormaechei|IMG_20251227_105716,Enterobacter quasihormaechei,IMG_20251227_105716,train,8,Enterobacter quasihormaechei,Enterobacter quasihormaechei,True,0.8111460208892822,Acinetobacter seifertii,0.04071042314171791,Staphylococcus cohnii,0.02118316851556301,0.7704355716705322,1.0487751960754395
oof,Enterobacter quasihormaechei|IMG_20251227_105721,Enterobacter quasihormaechei,IMG_20251227_105721,train,9,Enterobacter quasihormaechei,Enterobacter quasihormaechei,True,0.923300564289093,Acinetobacter seifertii,0.013296855613589287,Pseudescherichia vulneris,0.012593943625688553,0.9100037217140198,0.5076253414154053
oof,Enterobacter quasihormaechei|IMG_20251227_105743,Enterobacter quasihormaechei,IMG_20251227_105743,train,12,Enterobacter quasihormaechei,Enterobacter quasihormaechei,True,0.8823970556259155,Staphylococcus taiwanensis,0.011127934791147709,Acinetobacter seifertii,0.0101172449067235,0.8712691068649292,0.7673028707504272
oof,Enterobacter quasihormaechei|IMG_20251227_105752,Enterobacter quasihormaechei,IMG_20251227_105752,train,11,Enterobacter quasihormaechei,Enterobacter quasihormaechei,True,0.661596953868866,Acinetobacter seifertii,0.12409406900405884,Brachybacterium paraconglomeratum,0.03355339914560318,0.5375028848648071,1.548561930656433
oof,Enterobacter quasihormaechei|IMG_20251227_105818,Enterobacter quasihormaechei,IMG_20251227_105818,train,12,Enterobacter quasihormaechei,Enterobacter quasihormaechei,True,0.6985554695129395,Acinetobacter seifertii,0.09548597782850266,Brachybacterium paraconglomeratum,0.032232679426670074,0.6030694842338562,1.4644924402236938
oof,Enterobacter quasihormaechei|IMG_20251227_105831,Enterobacter quasihormaechei,IMG_20251227_105831,train,11,Enterobacter quasihormaechei,Enterobacter quasihormaechei,True,0.8328714966773987,Brachybacterium paraconglomeratum,0.021029341965913773,Ralstonia pickettii,0.016614006832242012,0.811842143535614,1.024729609489441
oof,Enterobacter quasihormaechei|IMG_20251227_105845,Enterobacter quasihormaechei,IMG_20251227_105845,train,12,Enterobacter quasihormaechei,Enterobacter quasihormaechei,True,0.790438175201416,Acinetobacter seifertii,0.08550083637237549,Ralstonia pickettii,0.0831061378121376,0.7049373388290405,0.8751018047332764
oof,Enterobacter quasihormaechei|IMG_20251227_105850,Enterobacter quasihormaechei,IMG_20251227_105850,train,12,Enterobacter quasihormaechei,Enterobacter quasihormaechei,True,0.797603189945221,Brachybacterium paraconglomeratum,0.017290133982896805,Ralstonia pickettii,0.01468441542237997,0.7803130745887756,1.211125373840332
oof,Enterobacter quasihormaechei|IMG_20251227_105938,Enterobacter quasihormaechei,IMG_20251227_105938,train,5,Enterobacter quasihormaechei,Enterobacter quasihormaechei,True,0.48350340127944946,Acinetobacter seifertii,0.21573786437511444,Bacillus pumilus,0.028522545471787453,0.26776552200317383,2.0930237770080566
oof,Enterobacter quasihormaechei|IMG_20251227_105951,Enterobacter quasihormaechei,IMG_20251227_105951,train,11,Enterobacter quasihormaechei,Enterobacter quasihormaechei,True,0.7338744401931763,Methylorubrum populi,0.021689841523766518,Serratia marcescens,0.021238528192043304,0.7121846079826355,1.4765591621398926
oof,Enterobacter quasihormaechei|IMG_20251227_110004,Enterobacter quasihormaechei,IMG_20251227_110004,train,9,Enterobacter quasihormaechei,Enterobacter quasihormaechei,True,0.6872610449790955,Staphylococcus cohnii,0.060138165950775146,Staphylococcus ureilyticu,0.04887411370873451,0.6271228790283203,1.5313360691070557
oof,Enterobacter quasihormaechei|IMG_20251227_110020,Enterobacter quasihormaechei,IMG_20251227_110020,train,12,Enterobacter quasihormaechei,Enterobacter quasihormaechei,True,0.8701387047767639,Staphylococcus ureilyticu,0.021693605929613113,Acinetobacter seifertii,0.012476432137191296,0.8484451174736023,0.8104692101478577
oof,Enterobacter quasihormaechei|IMG_20251227_110036,Enterobacter quasihormaechei,IMG_20251227_110036,train,11,Enterobacter quasihormaechei,Enterobacter quasihormaechei,True,0.8039482235908508,Acinetobacter seifertii,0.05534432455897331,Brachybacterium paraconglomeratum,0.015816982835531235,0.748603880405426,1.0741941928863525
oof,Enterobacter quasihormaechei|IMG_20251227_110052,Enterobacter quasihormaechei,IMG_20251227_110052,train,9,Enterobacter quasihormaechei,Enterobacter quasihormaechei,True,0.7110284566879272,Serratia marcescens,0.04290415719151497,Staphylococcus taiwanensis,0.033551231026649475,0.6681243181228638,1.5693163871765137
oof,Enterococcus innesii|IMG_20260211_100343,Enterococcus innesii,IMG_20260211_100343,train,4,Enterococcus innesii,Enterococcus innesii,True,0.3638673722743988,Serratia marcescens,0.14423531293869019,Chryseobacterium hagamense,0.0681271106004715,0.21963205933570862,2.6277244091033936
oof,Enterococcus innesii|IMG_20260211_100407,Enterococcus innesii,IMG_20260211_100407,train,9,Enterococcus innesii,Enterococcus innesii,True,0.3665039539337158,Chryseobacterium hagamense,0.12887033820152283,Serratia marcescens,0.0973007008433342,0.237633615732193,2.594560384750366
oof,Enterococcus innesii|IMG_20260211_100444,Enterococcus innesii,IMG_20260211_100444,train,6,Enterococcus innesii,Enterococcus innesii,True,0.5964925289154053,Serratia marcescens,0.1758318543434143,Acinetobacter oryzae,0.029797278344631195,0.42066067457199097,1.6514370441436768
oof,Enterococcus innesii|IMG_20260211_100459,Enterococcus innesii,IMG_20260211_100459,train,6,Enterococcus innesii,Enterococcus innesii,True,0.758396327495575,Serratia marcescens,0.13639627397060394,Acinetobacter oryzae,0.010173059068620205,0.6220000386238098,1.078745722770691
oof,Enterococcus innesii|IMG_20260211_100504,Enterococcus innesii,IMG_20260211_100504,train,8,Enterococcus innesii,Enterococcus innesii,True,0.6423661112785339,Serratia marcescens,0.21542711555957794,Acinetobacter oryzae,0.014788306318223476,0.4269390106201172,1.384028673171997
oof,Enterococcus innesii|IMG_20260211_100535,Enterococcus innesii,IMG_20260211_100535,train,7,Enterococcus innesii,Enterococcus innesii,True,0.8018766045570374,Serratia marcescens,0.08004947751760483,Staphylococcus capitis,0.02077639475464821,0.7218271493911743,1.0127012729644775
oof,Enterococcus innesii|IMG_20260211_100546,Enterococcus innesii,IMG_20260211_100546,train,4,Enterococcus innesii,Enterococcus innesii,True,0.9089173674583435,Staphylococcus capitis,0.014520198106765747,Bacillus cabrialesii,0.012037346139550209,0.8943971395492554,0.5907492637634277
oof,Enterococcus innesii|IMG_20260211_100550,Enterococcus innesii,IMG_20260211_100550,train,6,Enterococcus innesii,Enterococcus innesii,True,0.45239928364753723,Chryseobacterium hagamense,0.09844932705163956,Serratia marcescens,0.06797569245100021,0.35394996404647827,2.397256374359131
oof,Enterococcus innesii|IMG_20260211_100553,Enterococcus innesii,IMG_20260211_100553,train,5,Enterococcus innesii,Enterococcus innesii,True,0.6464741230010986,Staphylococcus ureilyticu,0.06266269087791443,Bacillus piscis,0.03234346583485603,0.5838114023208618,1.7422679662704468
oof,Enterococcus innesii|IMG_20260211_100629,Enterococcus innesii,IMG_20260211_100629,train,10,Enterococcus innesii,Enterococcus innesii,True,0.6711271405220032,Chryseobacterium hagamense,0.06354565918445587,Acinetobacter oryzae,0.056482117623090744,0.6075814962387085,1.5752562284469604
oof,Faucicola osloensis|IMG_20251227_103001,Faucicola osloensis,IMG_20251227_103001,train,3,Faucicola osloensis,Staphylococcus cohnii,False,0.3817429542541504,Faucicola osloensis,0.16801486909389496,Pseudescherichia vulneris,0.08331548422574997,0.21372808516025543,2.434783935546875
oof,Faucicola osloensis|IMG_20251227_103142,Faucicola osloensis,IMG_20251227_103142,train,5,Faucicola osloensis,Faucicola osloensis,True,0.3957346975803375,Brachybacterium paraconglomeratum,0.22423028945922852,Priestia megaterium,0.07406698167324066,0.171504408121109,2.299894332885742
oof,Faucicola osloensis|IMG_20251227_103259,Faucicola osloensis,IMG_20251227_103259,train,5,Faucicola osloensis,Faucicola osloensis,True,0.5409302115440369,Pseudescherichia vulneris,0.12556102871894836,Ralstonia pickettii,0.06894870102405548,0.4153691828250885,2.0380685329437256
oof,Faucicola osloensis|IMG_20251227_103307,Faucicola osloensis,IMG_20251227_103307,train,6,Faucicola osloensis,Brachybacterium paraconglomeratum,False,0.21726755797863007,Brevibacillus agri,0.12954045832157135,Enterobacter quasihormaechei,0.07722539454698563,0.08772709965705872,2.9632246494293213
oof,Faucicola osloensis|IMG_20251229_163409,Faucicola osloensis,IMG_20251229_163409,train,8,Faucicola osloensis,Faucicola osloensis,True,0.23203958570957184,Pseudescherichia vulneris,0.16342253983020782,Brachybacterium paraconglomeratum,0.09266795217990875,0.06861704587936401,2.8760077953338623
oof,Faucicola osloensis|IMG_20251229_163518,Faucicola osloensis,IMG_20251229_163518,train,7,Faucicola osloensis,Faucicola osloensis,True,0.4759567677974701,Pseudescherichia vulneris,0.0981181338429451,Staphylococcus cohnii,0.04752998426556587,0.3778386414051056,2.3796286582946777
oof,Faucicola osloensis|IMG_20251229_163704,Faucicola osloensis,IMG_20251229_163704,train,5,Faucicola osloensis,Faucicola osloensis,True,0.2988038957118988,Serratia marcescens,0.10667315125465393,Stenotrophomonas maltophilia,0.059124838560819626,0.19213074445724487,2.9276669025421143
oof,Kocuria rhizophila|IMG_20251217_101704,Kocuria rhizophila,IMG_20251217_101704,train,10,Kocuria rhizophila,Kocuria rhizophila,True,0.9814911484718323,Brachybacterium conglomeratum,0.0067571005783975124,Chryseobacterium indologenes,0.0034362031146883965,0.9747340679168701,0.1351325511932373
oof,Kocuria rhizophila|IMG_20251217_101724,Kocuria rhizophila,IMG_20251217_101724,train,9,Kocuria rhizophila,Kocuria rhizophila,True,0.9694953560829163,Staphylococcus ureilyticu,0.02672416716814041,Chryseobacterium indologenes,0.0005896566435694695,0.9427711963653564,0.15991005301475525
oof,Kocuria rhizophila|IMG_20251217_101755,Kocuria rhizophila,IMG_20251217_101755,train,12,Kocuria rhizophila,Kocuria rhizophila,True,0.9960081577301025,Staphylococcus ureilyticu,0.0010188051965087652,Chryseobacterium indologenes,0.0005472976481541991,0.9949893355369568,0.03719708323478699
oof,Kocuria rhizophila|IMG_20251217_101813,Kocuria rhizophila,IMG_20251217_101813,train,12,Kocuria rhizophila,Kocuria rhizophila,True,0.9980687499046326,Brachybacterium conglomeratum,0.0005061660776846111,Chryseobacterium indologenes,0.00031363690504804254,0.9975625872612,0.01950274035334587
oof,Kocuria rhizophila|IMG_20251217_101821,Kocuria rhizophila,IMG_20251217_101821,train,12,Kocuria rhizophila,Kocuria rhizophila,True,0.9981622099876404,Chryseobacterium indologenes,0.0003909612132702023,Brachybacterium conglomeratum,0.00027708386187441647,0.9977712631225586,0.018902447074651718
oof,Kocuria rhizophila|IMG_20251217_101832,Kocuria rhizophila,IMG_20251217_101832,train,12,Kocuria rhizophila,Kocuria rhizophila,True,0.9927311539649963,Chryseobacterium indologenes,0.0017253552796319127,Chryseobacterium mulctrae,0.0010244434233754873,0.9910057783126831,0.06329954415559769
oof,Kocuria rhizophila|IMG_20251217_101925,Kocuria rhizophila,IMG_20251217_101925,train,12,Kocuria rhizophila,Kocuria rhizophila,True,0.9919697642326355,Chryseobacterium indologenes,0.0042011491023004055,Staphylococcus ureilyticu,0.0006581428460776806,0.9877685904502869,0.06460549682378769
oof,Kocuria rhizophila|IMG_20251217_101935,Kocuria rhizophila,IMG_20251217_101935,train,12,Kocuria rhizophila,Kocuria rhizophila,True,0.9523003101348877,Chryseobacterium indologenes,0.007393266540020704,Staphylococcus ureilyticu,0.003917657304555178,0.9449070692062378,0.34528300166130066
oof,Kocuria rhizophila|IMG_20251217_101950,Kocuria rhizophila,IMG_20251217_101950,train,12,Kocuria rhizophila,Kocuria rhizophila,True,0.8904933333396912,Chryseobacterium indologenes,0.08244402706623077,Brachybacterium conglomeratum,0.0035549651365727186,0.8080493211746216,0.49697762727737427
oof,Kocuria rhizophila|IMG_20251217_101957,Kocuria rhizophila,IMG_20251217_101957,train,12,Kocuria rhizophila,Kocuria rhizophila,True,0.9781473278999329,Chryseobacterium indologenes,0.002524959621950984,Bacillus subtilis,0.0015717960195615888,0.9756223559379578,0.17844419181346893
oof,Kocuria rhizophila|IMG_20251217_102041,Kocuria rhizophila,IMG_20251217_102041,train,12,Kocuria rhizophila,Kocuria rhizophila,True,0.9488841891288757,Bacillus pumilus,0.018070591613650322,Staphylococcus ureilyticu,0.006012770812958479,0.9308136105537415,0.33699896931648254
oof,Kocuria rhizophila|IMG_20251217_102102,Kocuria rhizophila,IMG_20251217_102102,train,12,Kocuria rhizophila,Kocuria rhizophila,True,0.9962183833122253,Micrococcus yunnanensis,0.0003720100794453174,Chryseobacterium indologenes,0.0003345914592500776,0.9958463907241821,0.037618447095155716
oof,Kocuria rhizophila|IMG_20251217_102137,Kocuria rhizophila,IMG_20251217_102137,train,12,Kocuria rhizophila,Kocuria rhizophila,True,0.9855758547782898,Micrococcus yunnanensis,0.0019003743072971702,Staphylococcus ureilyticu,0.0017924855928868055,0.983675479888916,0.12163528054952621
oof,Kocuria rhizophila|IMG_20251217_102144,Kocuria rhizophila,IMG_20251217_102144,train,12,Kocuria rhizophila,Kocuria rhizophila,True,0.9455350637435913,Brachybacterium conglomeratum,0.010231113992631435,Micrococcus yunnanensis,0.007113900501281023,0.9353039264678955,0.3738457262516022
oof,Kocuria rhizophila|IMG_20251217_102156,Kocuria rhizophila,IMG_20251217_102156,train,12,Kocuria rhizophila,Kocuria rhizophila,True,0.9526012539863586,Chryseobacterium indologenes,0.027443690225481987,Chryseobacterium mulctrae,0.0031663666013628244,0.9251575469970703,0.2835124135017395
oof,Kocuria rhizophila|IMG_20251217_102204,Kocuria rhizophila,IMG_20251217_102204,train,12,Kocuria rhizophila,Kocuria rhizophila,True,0.9873678088188171,Pantoea ananatis,0.0027729670982807875,Chryseobacterium indologenes,0.0017029466107487679,0.9845948219299316,0.1063237339258194
oof,Kocuria rhizophila|IMG_20251217_102219,Kocuria rhizophila,IMG_20251217_102219,train,12,Kocuria rhizophila,Kocuria rhizophila,True,0.9887591004371643,Micrococcus yunnanensis,0.002507297322154045,Staphylococcus ureilyticu,0.0021249079145491123,0.9862518310546875,0.09331004321575165
oof,Kocuria rhizophila|IMG_20251217_102230,Kocuria rhizophila,IMG_20251217_102230,train,11,Kocuria rhizophila,Kocuria rhizophila,True,0.9411550164222717,Staphylococcus ureilyticu,0.01965278573334217,Brachybacterium conglomeratum,0.018427355214953423,0.9215022325515747,0.35077863931655884
oof,Kocuria rhizophila|IMG_20251217_102237,Kocuria rhizophila,IMG_20251217_102237,train,12,Kocuria rhizophila,Kocuria rhizophila,True,0.9913065433502197,Chryseobacterium indologenes,0.002951007802039385,Brachybacterium conglomeratum,0.001722801011055708,0.9883555173873901,0.07226185500621796
oof,Methylorubrum populi|IMG_20251230_155630,Methylorubrum populi,IMG_20251230_155630,train,4,Methylorubrum populi,Methylorubrum populi,True,0.3868772089481354,Staphylococcus cohnii,0.12600387632846832,Serratia marcescens,0.08906616270542145,0.26087331771850586,2.5174851417541504
oof,Methylorubrum populi|IMG_20251230_155722,Methylorubrum populi,IMG_20251230_155722,train,6,Methylorubrum populi,Methylorubrum populi,True,0.39438721537590027,Enterobacter quasihormaechei,0.11616801470518112,Brevundimonas huaxiensis,0.09921155124902725,0.27821919322013855,2.4674596786499023
oof,Methylorubrum populi|IMG_20251230_155846,Methylorubrum populi,IMG_20251230_155846,train,4,Methylorubrum populi,Methylorubrum populi,True,0.7910142540931702,Serratia marcescens,0.066342294216156,Stenotrophomonas maltophilia,0.016541266813874245,0.7246719598770142,1.1102712154388428
oof,Methylorubrum populi|IMG_20251230_155851,Methylorubrum populi,IMG_20251230_155851,train,6,Methylorubrum populi,Methylorubrum populi,True,0.8547529578208923,Serratia marcescens,0.0393042266368866,Enterococcus innesii,0.025371117517352104,0.8154487609863281,0.8201221823692322
oof,Methylorubrum populi|IMG_20251230_155912,Methylorubrum populi,IMG_20251230_155912,train,3,Methylorubrum populi,Methylorubrum populi,True,0.4264422655105591,Enterococcus innesii,0.0928008034825325,Serratia marcescens,0.09157592803239822,0.3336414694786072,2.4780077934265137
oof,Methylorubrum populi|IMG_20251230_160203,Methylorubrum populi,IMG_20251230_160203,train,7,Methylorubrum populi,Methylorubrum populi,True,0.33062249422073364,Serratia marcescens,0.18778599798679352,Aureobasidium melanogenum,0.1276843249797821,0.14283649623394012,2.5079874992370605
oof,Methylorubrum populi|IMG_20251230_160229,Methylorubrum populi,IMG_20251230_160229,train,4,Methylorubrum populi,Sphingomonas leidyi,False,0.17516764998435974,Pseudomonas parafulva,0.09522650390863419,Bacillus piscis,0.08401242643594742,0.07994114607572556,3.101661205291748
oof,Micrococcus yunnanensis|IMG_20251226_141832,Micrococcus yunnanensis,IMG_20251226_141832,train,6,Micrococcus yunnanensis,Micrococcus yunnanensis,True,0.37204915285110474,Chryseobacterium indologenes,0.18739739060401917,Brachybacterium conglomeratum,0.1494840383529663,0.18465176224708557,2.2429628372192383
oof,Micrococcus yunnanensis|IMG_20251226_141933,Micrococcus yunnanensis,IMG_20251226_141933,train,4,Micrococcus yunnanensis,Micrococcus yunnanensis,True,0.5170161724090576,Pantoea ananatis,0.15229544043540955,Brachybacterium conglomeratum,0.09241107851266861,0.36472073197364807,1.8535553216934204
oof,Micrococcus yunnanensis|IMG_20251226_142041,Micrococcus yunnanensis,IMG_20251226_142041,train,8,Micrococcus yunnanensis,Micrococcus yunnanensis,True,0.4167124629020691,Chryseobacterium indologenes,0.12424453347921371,Brevundimonas huaxiensis,0.06903775781393051,0.2924679219722748,2.4190523624420166
oof,Micrococcus yunnanensis|IMG_20251226_142054,Micrococcus yunnanensis,IMG_20251226_142054,train,10,Micrococcus yunnanensis,Micrococcus yunnanensis,True,0.2527722120285034,Chryseobacterium indologenes,0.21581417322158813,Brachybacterium paraconglomeratum,0.19722658395767212,0.03695803880691528,2.374107837677002
oof,Micrococcus yunnanensis|IMG_20251226_142142,Micrococcus yunnanensis,IMG_20251226_142142,train,4,Micrococcus yunnanensis,Micrococcus yunnanensis,True,0.5972797870635986,Brachybacterium conglomeratum,0.20486101508140564,Chryseobacterium indologenes,0.12108471244573593,0.392418771982193,1.308580994606018
oof,Micrococcus yunnanensis|IMG_20251226_142148,Micrococcus yunnanensis,IMG_20251226_142148,train,6,Micrococcus yunnanensis,Micrococcus yunnanensis,True,0.6984244585037231,Chryseobacterium indologenes,0.12693509459495544,Pantoea ananatis,0.06363752484321594,0.5714893341064453,1.2582823038101196
oof,Micrococcus yunnanensis|IMG_20251226_142151,Micrococcus yunnanensis,IMG_20251226_142151,train,7,Micrococcus yunnanensis,Micrococcus yunnanensis,True,0.55256587266922,Chryseobacterium indologenes,0.17178285121917725,Brachybacterium conglomeratum,0.15699081122875214,0.3807830214500427,1.4989761114120483
oof,Micrococcus yunnanensis|IMG_20251226_142157,Micrococcus yunnanensis,IMG_20251226_142157,train,8,Micrococcus yunnanensis,Micrococcus yunnanensis,True,0.8076095581054688,Pantoea ananatis,0.04259185492992401,Chryseobacterium indologenes,0.03445844352245331,0.7650176882743835,1.0006389617919922
oof,Micrococcus yunnanensis|IMG_20251226_142211,Micrococcus yunnanensis,IMG_20251226_142211,train,8,Micrococcus yunnanensis,Micrococcus yunnanensis,True,0.5196722149848938,Brachybacterium conglomeratum,0.11962217837572098,Chryseobacterium indologenes,0.07333075255155563,0.4000500440597534,1.9862251281738281
oof,Micrococcus yunnanensis|IMG_20251226_142230,Micrococcus yunnanensis,IMG_20251226_142230,train,10,Micrococcus yunnanensis,Micrococcus yunnanensis,True,0.5855863094329834,Chryseobacterium indologenes,0.22910456359386444,Brachybacterium conglomeratum,0.02937004156410694,0.35648173093795776,1.5476263761520386
oof,Pantoea ananatis|IMG_20260106_142932,Pantoea ananatis,IMG_20260106_142932,train,12,Pantoea ananatis,Pantoea ananatis,True,0.7804108262062073,Brachybacterium paraconglomeratum,0.036252204328775406,Staphylococcus epidermidis,0.018717342987656593,0.7441586256027222,1.2673360109329224
oof,Pantoea ananatis|IMG_20260106_142936,Pantoea ananatis,IMG_20260106_142936,train,11,Pantoea ananatis,Pantoea ananatis,True,0.6685039401054382,Brachybacterium paraconglomeratum,0.05251344293355942,Enterobacter quasihormaechei,0.040882326662540436,0.6159905195236206,1.7224671840667725
oof,Pantoea ananatis|IMG_20260106_143006,Pantoea ananatis,IMG_20260106_143006,train,7,Pantoea ananatis,Pantoea ananatis,True,0.6545567512512207,Brachybacterium paraconglomeratum,0.10486304759979248,Chryseobacterium mulctrae,0.07261485606431961,0.5496937036514282,1.5456037521362305
oof,Pantoea ananatis|IMG_20260106_143012,Pantoea ananatis,IMG_20260106_143012,train,9,Pantoea ananatis,Pantoea ananatis,True,0.952656090259552,Ralstonia pickettii,0.004045246634632349,Pseudescherichia vulneris,0.0034507818054407835,0.9486108422279358,0.3555387556552887
oof,Pantoea ananatis|IMG_20260106_143109,Pantoea ananatis,IMG_20260106_143109,train,5,Pantoea ananatis,Pantoea ananatis,True,0.8541185259819031,Chryseobacterium mulctrae,0.029020648449659348,Arthrobacter gandavensis,0.02160407230257988,0.8250978589057922,0.8555805087089539
oof,Pantoea ananatis|IMG_20260106_143258,Pantoea ananatis,IMG_20260106_143258,train,6,Pantoea ananatis,Pantoea ananatis,True,0.3296003043651581,Chryseobacterium hagamense,0.13979710638523102,Brachybacterium paraconglomeratum,0.0774582251906395,0.18980319797992706,2.6755738258361816
oof,Pantoea ananatis|IMG_20260106_143852,Pantoea ananatis,IMG_20260106_143852,train,11,Pantoea ananatis,Pantoea ananatis,True,0.6790989637374878,Staphylococcus cohnii,0.0555950291454792,Enterobacter quasihormaechei,0.02747860737144947,0.6235039234161377,1.6785577535629272
oof,Pantoea ananatis|IMG_20260106_143858,Pantoea ananatis,IMG_20260106_143858,train,11,Pantoea ananatis,Pantoea ananatis,True,0.8110119104385376,Enterobacter quasihormaechei,0.028553063049912453,Chryseobacterium indologenes,0.02178141102194786,0.7824588418006897,1.0985946655273438
oof,Pantoea ananatis|IMG_20260106_143904,Pantoea ananatis,IMG_20260106_143904,train,5,Pantoea ananatis,Pantoea ananatis,True,0.9559887051582336,Chryseobacterium indologenes,0.020114561542868614,Micrococcus yunnanensis,0.0048661078326404095,0.9358741641044617,0.28854745626449585
oof,Pantoea ananatis|IMG_20260106_143929,Pantoea ananatis,IMG_20260106_143929,train,8,Pantoea ananatis,Pantoea ananatis,True,0.8567418456077576,Staphylococcus ureilyticu,0.031644534319639206,Chryseobacterium indologenes,0.02024194411933422,0.8250973224639893,0.8566885590553284
oof,Pantoea ananatis|IMG_20260106_144004,Pantoea ananatis,IMG_20260106_144004,train,8,Pantoea ananatis,Pantoea ananatis,True,0.7693021893501282,Brachybacterium paraconglomeratum,0.050211526453495026,Brachybacterium conglomeratum,0.046710021793842316,0.7190906405448914,1.226076602935791
oof,Pantoea ananatis|IMG_20260106_144006,Pantoea ananatis,IMG_20260106_144006,train,7,Pantoea ananatis,Pantoea ananatis,True,0.7098332643508911,Brachybacterium paraconglomeratum,0.036890268325805664,Methylorubrum populi,0.031591903418302536,0.6729429960250854,1.5841431617736816
oof,Pantoea ananatis|IMG_20260106_144009,Pantoea ananatis,IMG_20260106_144009,train,10,Pantoea ananatis,Pantoea ananatis,True,0.8415168523788452,Brevibacillus agri,0.026096578687429428,Enterobacter quasihormaechei,0.013598977588117123,0.8154202699661255,0.963056743144989
oof,Pantoea ananatis|IMG_20260106_144012,Pantoea ananatis,IMG_20260106_144012,train,10,Pantoea ananatis,Pantoea ananatis,True,0.8128423690795898,Brachybacterium paraconglomeratum,0.035325728356838226,Enterobacter quasihormaechei,0.026024913415312767,0.7775166630744934,1.0760685205459595
oof,Pantoea ananatis|IMG_20260106_144019,Pantoea ananatis,IMG_20260106_144019,train,9,Pantoea ananatis,Pantoea ananatis,True,0.7440224289894104,Brachybacterium paraconglomeratum,0.08137039840221405,Chryseobacterium indologenes,0.015289789997041225,0.6626520156860352,1.3417433500289917
oof,Pantoea ananatis|IMG_20260106_144037,Pantoea ananatis,IMG_20260106_144037,train,5,Pantoea ananatis,Pantoea ananatis,True,0.8989282846450806,Brevibacillus agri,0.06856109946966171,Pseudescherichia vulneris,0.0036251128185540438,0.8303672075271606,0.5017115473747253
oof,Priestia megaterium|IMG_20260227_113245,Priestia megaterium,IMG_20260227_113245,train,9,Priestia megaterium,Priestia megaterium,True,0.8584975600242615,Pseudescherichia vulneris,0.0440954715013504,Arthrobacter gandavensis,0.01182029489427805,0.8144021034240723,0.8182996511459351
oof,Priestia megaterium|IMG_20260227_113247,Priestia megaterium,IMG_20260227_113247,train,8,Priestia megaterium,Priestia megaterium,True,0.9663795828819275,Bacillus infantis,0.008529184386134148,Arthrobacter gandavensis,0.004183325916528702,0.9578503966331482,0.2502618134021759
oof,Priestia megaterium|IMG_20260227_113249,Priestia megaterium,IMG_20260227_113249,train,8,Priestia megaterium,Priestia megaterium,True,0.8160214424133301,Bacillus manliponensis,0.050564493983983994,Burkholderia arboris,0.012482698075473309,0.7654569745063782,1.048305630683899
oof,Priestia megaterium|IMG_20260227_113251,Priestia megaterium,IMG_20260227_113251,train,9,Priestia megaterium,Priestia megaterium,True,0.8143426179885864,Arthrobacter gandavensis,0.0783725306391716,Bacillus infantis,0.04952060058712959,0.7359700798988342,0.8749858140945435
oof,Priestia megaterium|IMG_20260227_113254,Priestia megaterium,IMG_20260227_113254,train,10,Priestia megaterium,Priestia megaterium,True,0.6596660017967224,Arthrobacter gandavensis,0.0381084643304348,Chryseobacterium hagamense,0.030204055830836296,0.6215575337409973,1.7990128993988037
oof,Priestia megaterium|IMG_20260227_113257,Priestia megaterium,IMG_20260227_113257,train,8,Priestia megaterium,Priestia megaterium,True,0.5571825504302979,Bacillus subtilis,0.12950870394706726,Brevundimonas huaxiensis,0.06732729077339172,0.4276738464832306,1.9640547037124634
oof,Priestia megaterium|IMG_20260227_113259,Priestia megaterium,IMG_20260227_113259,train,8,Priestia megaterium,Priestia megaterium,True,0.6332892179489136,Bacillus pumilus,0.061389170587062836,Bacillus subtilis,0.033688873052597046,0.5719000697135925,1.8489043712615967
oof,Priestia megaterium|IMG_20260227_113301,Priestia megaterium,IMG_20260227_113301,train,5,Priestia megaterium,Priestia megaterium,True,0.6428773403167725,Pseudescherichia vulneris,0.10186555236577988,Arthrobacter gandavensis,0.03240874782204628,0.5410118103027344,1.7507390975952148
oof,Priestia megaterium|IMG_20260227_113303,Priestia megaterium,IMG_20260227_113303,train,3,Priestia megaterium,Priestia megaterium,True,0.6497873663902283,Bacillus subtilis,0.09839567542076111,Staphylococcus roterodami,0.03843868151307106,0.5513917207717896,1.6683205366134644
oof,Priestia megaterium|IMG_20260227_113305,Priestia megaterium,IMG_20260227_113305,train,6,Priestia megaterium,Priestia megaterium,True,0.7586544752120972,Micrococcus yunnanensis,0.04280928522348404,Bacillus piscis,0.03638158738613129,0.7158451676368713,1.3026682138442993
oof,Priestia megaterium|IMG_20260227_113308,Priestia megaterium,IMG_20260227_113308,train,9,Priestia megaterium,Priestia megaterium,True,0.8767358064651489,Burkholderia arboris,0.034760549664497375,Bacillus subtilis,0.0090267239138484,0.8419752717018127,0.745445728302002
oof,Priestia megaterium|IMG_20260227_113310,Priestia megaterium,IMG_20260227_113310,train,8,Priestia megaterium,Priestia megaterium,True,0.6833772659301758,Pseudescherichia vulneris,0.13859790563583374,Arthrobacter gandavensis,0.04773451387882233,0.544779360294342,1.3875473737716675
oof,Priestia megaterium|IMG_20260227_113312,Priestia megaterium,IMG_20260227_113312,train,7,Priestia megaterium,Priestia megaterium,True,0.9691301584243774,Bacillus subtilis,0.010781132616102695,Pseudescherichia vulneris,0.0035389731638133526,0.9583490490913391,0.2198660522699356
oof,Priestia megaterium|IMG_20260227_113318,Priestia megaterium,IMG_20260227_113318,train,7,Priestia megaterium,Priestia megaterium,True,0.8151766061782837,Bacillus subtilis,0.09448426216840744,Arthrobacter gandavensis,0.011431022547185421,0.7206923365592957,0.9157959818840027
oof,Priestia megaterium|IMG_20260227_113325,Priestia megaterium,IMG_20260227_113325,train,5,Priestia megaterium,Priestia megaterium,True,0.7230658531188965,Stenotrophomonas pavanii,0.04491632059216499,Brevibacillus agri,0.024568771943449974,0.6781495213508606,1.484110951423645
oof,Priestia megaterium|IMG_20260227_113327,Priestia megaterium,IMG_20260227_113327,train,5,Priestia megaterium,Priestia megaterium,True,0.847984790802002,Arthrobacter gandavensis,0.01796080730855465,Pseudescherichia vulneris,0.01781264878809452,0.830024003982544,0.9228155016899109
oof,Priestia megaterium|IMG_20260227_113328,Priestia megaterium,IMG_20260227_113328,train,8,Priestia megaterium,Priestia megaterium,True,0.7296074032783508,Brevibacillus agri,0.052078213542699814,Bacillus infantis,0.024329183623194695,0.6775292158126831,1.4523524045944214
oof,Priestia megaterium|IMG_20260227_113330,Priestia megaterium,IMG_20260227_113330,train,6,Priestia megaterium,Priestia megaterium,True,0.6553986668586731,Bacillus subtilis,0.04584778472781181,Brevundimonas huaxiensis,0.03859721124172211,0.6095508933067322,1.7620174884796143
oof,Priestia megaterium|IMG_20260227_113333,Priestia megaterium,IMG_20260227_113333,train,6,Priestia megaterium,Priestia megaterium,True,0.6889087557792664,Bacillus subtilis,0.03432804346084595,Bacillus pumilus,0.025909369811415672,0.6545807123184204,1.696274757385254
oof,Priestia megaterium|IMG_20260227_113336,Priestia megaterium,IMG_20260227_113336,train,7,Priestia megaterium,Priestia megaterium,True,0.7307014465332031,Bacillus subtilis,0.04443085938692093,Arthrobacter gandavensis,0.042711175978183746,0.6862705945968628,1.4016361236572266
oof,Priestia megaterium|IMG_20260227_113343,Priestia megaterium,IMG_20260227_113343,train,5,Priestia megaterium,Priestia megaterium,True,0.9207508563995361,Brevundimonas huaxiensis,0.011223828420042992,Faucicola osloensis,0.009950384497642517,0.9095270037651062,0.5279399156570435
oof,Priestia megaterium|IMG_20260227_113345,Priestia megaterium,IMG_20260227_113345,train,8,Priestia megaterium,Priestia megaterium,True,0.7157213091850281,Bacillus aerius,0.051678694784641266,Brevibacillus agri,0.041210345923900604,0.664042592048645,1.5022680759429932
oof,Priestia megaterium|IMG_20260227_113348,Priestia megaterium,IMG_20260227_113348,train,7,Priestia megaterium,Priestia megaterium,True,0.8482216000556946,Arthrobacter gandavensis,0.0433533750474453,Bacillus subtilis,0.013042720966041088,0.804868221282959,0.87068772315979
oof,Pseudescherichia vulneris|IMG_20260226_132148,Pseudescherichia vulneris,IMG_20260226_132148,train,6,Pseudescherichia vulneris,Pseudescherichia vulneris,True,0.2627086341381073,Ralstonia pickettii,0.18501262366771698,Bacillus cabrialesii,0.08181905001401901,0.07769601047039032,2.817319631576538
oof,Pseudescherichia vulneris|IMG_20260226_132155,Pseudescherichia vulneris,IMG_20260226_132155,train,7,Pseudescherichia vulneris,Pseudescherichia vulneris,True,0.3372398912906647,Ralstonia pickettii,0.0995754823088646,Enterobacter quasihormaechei,0.07230453193187714,0.23766440153121948,2.794003963470459
oof,Pseudescherichia vulneris|IMG_20260226_132158,Pseudescherichia vulneris,IMG_20260226_132158,train,3,Pseudescherichia vulneris,Pseudescherichia vulneris,True,0.7517433762550354,Ralstonia pickettii,0.05853663757443428,Stenotrophomonas maltophilia,0.014388341456651688,0.6932067275047302,1.352547287940979
oof,Pseudescherichia vulneris|IMG_20260226_132200,Pseudescherichia vulneris,IMG_20260226_132200,train,9,Pseudescherichia vulneris,Pseudescherichia vulneris,True,0.5569370985031128,Arthrobacter gandavensis,0.09487788379192352,Bacillus cabrialesii,0.07288570702075958,0.4620591998100281,1.9995616674423218
oof,Pseudescherichia vulneris|IMG_20260226_132202,Pseudescherichia vulneris,IMG_20260226_132202,train,10,Pseudescherichia vulneris,Pseudescherichia vulneris,True,0.2597511410713196,Priestia megaterium,0.07117591053247452,Faucicola osloensis,0.06619970500469208,0.18857523798942566,3.1191999912261963
oof,Pseudescherichia vulneris|IMG_20260226_132205,Pseudescherichia vulneris,IMG_20260226_132205,train,9,Pseudescherichia vulneris,Pseudescherichia vulneris,True,0.6765448451042175,Bacillus subtilis,0.08616626262664795,Enterobacter quasihormaechei,0.0323622040450573,0.5903785824775696,1.6104862689971924
oof,Pseudescherichia vulneris|IMG_20260226_132210,Pseudescherichia vulneris,IMG_20260226_132210,train,11,Pseudescherichia vulneris,Pseudescherichia vulneris,True,0.9076591730117798,Serratia marcescens,0.028247253969311714,Bacillus cabrialesii,0.00880233570933342,0.8794119358062744,0.56075119972229
oof,Pseudescherichia vulneris|IMG_20260226_132214,Pseudescherichia vulneris,IMG_20260226_132214,train,11,Pseudescherichia vulneris,Pseudescherichia vulneris,True,0.6165727376937866,Enterobacter quasihormaechei,0.09254467487335205,Brachybacterium paraconglomeratum,0.043586794286966324,0.5240280628204346,1.8491413593292236
oof,Pseudescherichia vulneris|IMG_20260226_132217,Pseudescherichia vulneris,IMG_20260226_132217,train,11,Pseudescherichia vulneris,Pseudescherichia vulneris,True,0.7378634810447693,Priestia megaterium,0.02528509497642517,Bacillus cabrialesii,0.02125486545264721,0.7125784158706665,1.4757952690124512
oof,Pseudescherichia vulneris|IMG_20260226_132219,Pseudescherichia vulneris,IMG_20260226_132219,train,11,Pseudescherichia vulneris,Pseudescherichia vulneris,True,0.45495501160621643,Serratia marcescens,0.0930052176117897,Enterobacter quasihormaechei,0.07043197005987167,0.3619498014450073,2.469853162765503
oof,Pseudescherichia vulneris|IMG_20260226_132222,Pseudescherichia vulneris,IMG_20260226_132222,train,9,Pseudescherichia vulneris,Pseudescherichia vulneris,True,0.5260381102561951,Enterobacter quasihormaechei,0.04594486951828003,Bacillus subtilis,0.043323833495378494,0.48009324073791504,2.321476936340332
oof,Pseudescherichia vulneris|IMG_20260226_132228,Pseudescherichia vulneris,IMG_20260226_132228,train,12,Pseudescherichia vulneris,Pseudescherichia vulneris,True,0.6391066312789917,Ralstonia pickettii,0.05697842687368393,Bacillus manliponensis,0.032500434666872025,0.5821282267570496,1.8438910245895386
oof,Pseudescherichia vulneris|IMG_20260226_132238,Pseudescherichia vulneris,IMG_20260226_132238,train,11,Pseudescherichia vulneris,Pseudescherichia vulneris,True,0.8291730284690857,Arthrobacter gandavensis,0.08607496321201324,Ralstonia pickettii,0.018467340618371964,0.7430980801582336,0.8485584855079651
oof,Pseudescherichia vulneris|IMG_20260226_132241,Pseudescherichia vulneris,IMG_20260226_132241,train,11,Pseudescherichia vulneris,Pseudescherichia vulneris,True,0.8171898126602173,Ralstonia pickettii,0.04941084608435631,Arthrobacter gandavensis,0.039175521582365036,0.7677789926528931,0.9489514231681824
oof,Pseudescherichia vulneris|IMG_20260226_132243,Pseudescherichia vulneris,IMG_20260226_132243,train,10,Pseudescherichia vulneris,Pseudescherichia vulneris,True,0.8935084342956543,Arthrobacter gandavensis,0.012873399071395397,Serratia marcescens,0.012516660615801811,0.8806350231170654,0.68109130859375
oof,Pseudescherichia vulneris|IMG_20260226_132245,Pseudescherichia vulneris,IMG_20260226_132245,train,10,Pseudescherichia vulneris,Pseudescherichia vulneris,True,0.7557118535041809,Bacillus haynesii,0.03429143503308296,Arthrobacter gandavensis,0.017046581953763962,0.721420407295227,1.3999803066253662
oof,Pseudescherichia vulneris|IMG_20260226_132252,Pseudescherichia vulneris,IMG_20260226_132252,train,12,Pseudescherichia vulneris,Pseudescherichia vulneris,True,0.7544845342636108,Arthrobacter gandavensis,0.08830390125513077,Bacillus cabrialesii,0.03609098494052887,0.6661806106567383,1.1990357637405396
oof,Pseudomonas parafulva|IMG_20260211_094218,Pseudomonas parafulva,IMG_20260211_094218,train,4,Pseudomonas parafulva,Pseudomonas parafulva,True,0.4956797957420349,Serratia marcescens,0.19410423934459686,Acinetobacter oryzae,0.056198105216026306,0.30157554149627686,2.0420398712158203
oof,Pseudomonas parafulva|IMG_20260211_094312,Pseudomonas parafulva,IMG_20260211_094312,train,6,Pseudomonas parafulva,Pseudomonas parafulva,True,0.43478626012802124,Serratia marcescens,0.21159502863883972,Acinetobacter oryzae,0.0486021414399147,0.22319123148918152,2.2218666076660156
oof,Pseudomonas parafulva|IMG_20260211_094327,Pseudomonas parafulva,IMG_20260211_094327,train,5,Pseudomonas parafulva,Pseudomonas parafulva,True,0.34440547227859497,Acinetobacter oryzae,0.15449421107769012,Serratia marcescens,0.12606863677501678,0.18991126120090485,2.4984512329101562
oof,Pseudomonas parafulva|IMG_20260211_094407,Pseudomonas parafulva,IMG_20260211_094407,train,6,Pseudomonas parafulva,Pseudomonas parafulva,True,0.5627186298370361,Serratia marcescens,0.12406427413225174,Acinetobacter oryzae,0.0924423336982727,0.438654363155365,1.7437107563018799
oof,Pseudomonas parafulva|IMG_20260211_094458,Pseudomonas parafulva,IMG_20260211_094458,train,5,Pseudomonas parafulva,Serratia marcescens,False,0.3027362823486328,Pseudomonas parafulva,0.2332645058631897,Bacillus cabrialesii,0.0716874822974205,0.06947177648544312,2.492252826690674
oof,Pseudomonas parafulva|IMG_20260211_094631,Pseudomonas parafulva,IMG_20260211_094631,train,7,Pseudomonas parafulva,Serratia marcescens,False,0.42908191680908203,Brevundimonas huaxiensis,0.08426029980182648,Stenotrophomonas pavanii,0.03696833923459053,0.34482163190841675,2.625782012939453
oof,Ralstonia pickettii|IMG_20251227_095024,Ralstonia pickettii,IMG_20251227_095024,train,6,Ralstonia pickettii,Ralstonia pickettii,True,0.303648442029953,Stenotrophomonas maltophilia,0.22626221179962158,Enterobacter quasihormaechei,0.1973060816526413,0.07738623023033142,2.1840689182281494
oof,Ralstonia pickettii|IMG_20251227_095032,Ralstonia pickettii,IMG_20251227_095032,train,5,Ralstonia pickettii,Ralstonia pickettii,True,0.8497780561447144,Pseudescherichia vulneris,0.020715637132525444,Enterobacter quasihormaechei,0.016079585999250412,0.8290624022483826,0.9065459370613098
oof,Ralstonia pickettii|IMG_20251227_095053,Ralstonia pickettii,IMG_20251227_095053,train,3,Ralstonia pickettii,Ralstonia pickettii,True,0.3670831620693207,Stenotrophomonas pavanii,0.19072210788726807,Staphylococcus ureilyticu,0.06267546117305756,0.1763610541820526,2.4901998043060303
oof,Ralstonia pickettii|IMG_20251227_095122,Ralstonia pickettii,IMG_20251227_095122,train,4,Ralstonia pickettii,Ralstonia pickettii,True,0.2354351282119751,Stenotrophomonas maltophilia,0.18824394047260284,Enterobacter quasihormaechei,0.13118457794189453,0.04719118773937225,2.7963905334472656
oof,Ralstonia pickettii|IMG_20251227_095132,Ralstonia pickettii,IMG_20251227_095132,train,6,Ralstonia pickettii,Ralstonia pickettii,True,0.7822080850601196,Faucicola osloensis,0.05062716081738472,Stenotrophomonas maltophilia,0.02995605766773224,0.731580913066864,1.1863187551498413
oof,Ralstonia pickettii|IMG_20251227_095139,Ralstonia pickettii,IMG_20251227_095139,train,7,Ralstonia pickettii,Ralstonia pickettii,True,0.8078867793083191,Pseudescherichia vulneris,0.035647451877593994,Stenotrophomonas maltophilia,0.020316628739237785,0.7722393274307251,1.1252870559692383
oof,Ralstonia pickettii|IMG_20251227_095147,Ralstonia pickettii,IMG_20251227_095147,train,6,Ralstonia pickettii,Ralstonia pickettii,True,0.7240793108940125,Stenotrophomonas maltophilia,0.0679066851735115,Stenotrophomonas pavanii,0.034840863198041916,0.6561726331710815,1.4231228828430176
oof,Ralstonia pickettii|IMG_20251227_095201,Ralstonia pickettii,IMG_20251227_095201,train,6,Ralstonia pickettii,Acinetobacter seifertii,False,0.28710731863975525,Stenotrophomonas maltophilia,0.21564032137393951,Ralstonia pickettii,0.20893962681293488,0.07146699726581573,2.3109192848205566
oof,Ralstonia pickettii|IMG_20251227_095237,Ralstonia pickettii,IMG_20251227_095237,train,6,Ralstonia pickettii,Ralstonia pickettii,True,0.7387086749076843,Stenotrophomonas maltophilia,0.04563140869140625,Pseudescherichia vulneris,0.04431438818573952,0.6930772662162781,1.3711806535720825
oof,Ralstonia pickettii|IMG_20251227_095259,Ralstonia pickettii,IMG_20251227_095259,train,4,Ralstonia pickettii,Ralstonia pickettii,True,0.49694839119911194,Stenotrophomonas maltophilia,0.24231265485286713,Arthrobacter gandavensis,0.05187545344233513,0.254635751247406,1.8525806665420532
oof,Ralstonia pickettii|IMG_20251227_095302,Ralstonia pickettii,IMG_20251227_095302,train,5,Ralstonia pickettii,Ralstonia pickettii,True,0.6256285905838013,Stenotrophomonas maltophilia,0.21758295595645905,Acinetobacter seifertii,0.0374319963157177,0.4080456495285034,1.3892064094543457
oof,Ralstonia pickettii|IMG_20251227_095312,Ralstonia pickettii,IMG_20251227_095312,train,5,Ralstonia pickettii,Ralstonia pickettii,True,0.6798253655433655,Faucicola osloensis,0.14620913565158844,Stenotrophomonas maltophilia,0.03564077243208885,0.5336162447929382,1.4102874994277954
oof,Ralstonia pickettii|IMG_20251227_095323,Ralstonia pickettii,IMG_20251227_095323,train,8,Ralstonia pickettii,Ralstonia pickettii,True,0.568345308303833,Pseudescherichia vulneris,0.20700621604919434,Stenotrophomonas maltophilia,0.03890281543135643,0.36133909225463867,1.7088944911956787
oof,Ralstonia pickettii|IMG_20251227_095325,Ralstonia pickettii,IMG_20251227_095325,train,5,Ralstonia pickettii,Ralstonia pickettii,True,0.786629319190979,Pseudescherichia vulneris,0.050594400614500046,Sphingomonas leidyi,0.027328619733452797,0.7360349297523499,1.1739602088928223
oof,Ralstonia pickettii|IMG_20251227_095500,Ralstonia pickettii,IMG_20251227_095500,train,7,Ralstonia pickettii,Ralstonia pickettii,True,0.15174321830272675,Stenotrophomonas maltophilia,0.11932167410850525,Pseudescherichia vulneris,0.11063262820243835,0.0324215441942215,3.1608521938323975
oof,Ralstonia pickettii|IMG_20251227_095513,Ralstonia pickettii,IMG_20251227_095513,train,3,Ralstonia pickettii,Ralstonia pickettii,True,0.1396201252937317,Enterobacter quasihormaechei,0.09155095368623734,Faucicola osloensis,0.0870727077126503,0.048069171607494354,3.284590721130371
oof,Serratia marcescens|IMG_20260303_134041,Serratia marcescens,IMG_20260303_134041,train,6,Serratia marcescens,Serratia marcescens,True,0.3337082862854004,Pseudomonas parafulva,0.09537725895643234,Stenotrophomonas maltophilia,0.06897275149822235,0.23833101987838745,2.7992465496063232
oof,Serratia marcescens|IMG_20260303_134042,Serratia marcescens,IMG_20260303_134042,train,5,Serratia marcescens,Serratia marcescens,True,0.17093341052532196,Bacillus manliponensis,0.07850734889507294,Pseudescherichia vulneris,0.060302916914224625,0.09242606163024902,3.3148574829101562
oof,Serratia marcescens|IMG_20260303_134047,Serratia marcescens,IMG_20260303_134047,train,5,Serratia marcescens,Serratia marcescens,True,0.5827115774154663,Acinetobacter oryzae,0.11146646738052368,Pseudescherichia vulneris,0.032811813056468964,0.4712451100349426,1.9671177864074707
oof,Serratia marcescens|IMG_20260303_134049,Serratia marcescens,IMG_20260303_134049,train,7,Serratia marcescens,Serratia marcescens,True,0.5455483198165894,Bacillus cabrialesii,0.05329123139381409,Staphylococcus cohnii,0.03128373250365257,0.49225708842277527,2.260237693786621
oof,Serratia marcescens|IMG_20260303_134050,Serratia marcescens,IMG_20260303_134050,train,6,Serratia marcescens,Serratia marcescens,True,0.680518388748169,Pseudomonas parafulva,0.04799966886639595,Sphingomonas leidyi,0.02807612158358097,0.6325187087059021,1.668705701828003
oof,Serratia marcescens|IMG_20260303_134052,Serratia marcescens,IMG_20260303_134052,train,9,Serratia marcescens,Serratia marcescens,True,0.7446668148040771,Acinetobacter oryzae,0.03658684715628624,Brevundimonas huaxiensis,0.029125869274139404,0.708079993724823,1.4293020963668823
oof,Serratia marcescens|IMG_20260303_134101,Serratia marcescens,IMG_20260303_134101,train,5,Serratia marcescens,Serratia marcescens,True,0.23887252807617188,Enterococcus innesii,0.1256578415632248,Enterobacter quasihormaechei,0.10287817567586899,0.11321468651294708,3.0019075870513916
oof,Serratia marcescens|IMG_20260303_134103,Serratia marcescens,IMG_20260303_134103,train,3,Serratia marcescens,Serratia marcescens,True,0.6575056910514832,Staphylococcus roterodami,0.1335858851671219,Brevundimonas huaxiensis,0.03622331842780113,0.5239198207855225,1.5299521684646606
oof,Serratia marcescens|IMG_20260303_134106,Serratia marcescens,IMG_20260303_134106,train,3,Serratia marcescens,Serratia marcescens,True,0.6073108315467834,Enterococcus innesii,0.056064579635858536,Sphingomonas leidyi,0.027401374652981758,0.5512462258338928,1.9852792024612427
oof,Serratia marcescens|IMG_20260303_134113,Serratia marcescens,IMG_20260303_134113,train,10,Serratia marcescens,Serratia marcescens,True,0.6110756993293762,Acinetobacter oryzae,0.1232108324766159,Pseudomonas parafulva,0.045531123876571655,0.4878648519515991,1.7733651399612427
oof,Serratia marcescens|IMG_20260303_134116,Serratia marcescens,IMG_20260303_134116,train,10,Serratia marcescens,Serratia marcescens,True,0.7633440494537354,Enterobacter quasihormaechei,0.0363268181681633,Acinetobacter oryzae,0.028713777661323547,0.7270172238349915,1.2882391214370728
oof,Serratia marcescens|IMG_20260303_134125,Serratia marcescens,IMG_20260303_134125,train,11,Serratia marcescens,Serratia marcescens,True,0.7842891812324524,Acinetobacter oryzae,0.0597178116440773,Acinetobacter seifertii,0.04087720066308975,0.7245713472366333,1.1327426433563232
oof,Serratia marcescens|IMG_20260303_134127,Serratia marcescens,IMG_20260303_134127,train,12,Serratia marcescens,Serratia marcescens,True,0.7456367611885071,Acinetobacter oryzae,0.09267567098140717,Staphylococcus cohnii,0.03396061807870865,0.6529610753059387,1.2441956996917725
oof,Serratia marcescens|IMG_20260303_134129,Serratia marcescens,IMG_20260303_134129,train,12,Serratia marcescens,Serratia marcescens,True,0.6435157656669617,Acinetobacter oryzae,0.06085726618766785,Enterococcus innesii,0.051074858754873276,0.5826585292816162,1.744425654411316
oof,Serratia marcescens|IMG_20260303_134134,Serratia marcescens,IMG_20260303_134134,train,11,Serratia marcescens,Serratia marcescens,True,0.7774451971054077,Acinetobacter oryzae,0.10142812132835388,Staphylococcus cohnii,0.009466356597840786,0.6760170459747314,1.1061122417449951
oof,Serratia marcescens|IMG_20260303_134136,Serratia marcescens,IMG_20260303_134136,train,11,Serratia marcescens,Serratia marcescens,True,0.6552767753601074,Staphylococcus epidermidis,0.05312785133719444,Acinetobacter oryzae,0.04369558021426201,0.6021489500999451,1.7720776796340942
oof,Serratia marcescens|IMG_20260303_134137,Serratia marcescens,IMG_20260303_134137,train,9,Serratia marcescens,Serratia marcescens,True,0.8257026076316833,Acinetobacter oryzae,0.08372201025485992,Enterococcus innesii,0.025423705577850342,0.7419806122779846,0.8599001169204712
oof,Serratia marcescens|IMG_20260303_134139,Serratia marcescens,IMG_20260303_134139,train,10,Serratia marcescens,Serratia marcescens,True,0.7644473910331726,Acinetobacter oryzae,0.11642376333475113,Pseudomonas parafulva,0.038180042058229446,0.6480236053466797,1.0528029203414917
oof,Serratia marcescens|IMG_20260303_134141,Serratia marcescens,IMG_20260303_134141,train,10,Serratia marcescens,Serratia marcescens,True,0.5921959280967712,Acinetobacter oryzae,0.10467372834682465,Enterococcus innesii,0.07973774522542953,0.4875221848487854,1.7975276708602905
oof,Serratia marcescens|IMG_20260303_134143,Serratia marcescens,IMG_20260303_134143,train,10,Serratia marcescens,Serratia marcescens,True,0.6609959006309509,Acinetobacter oryzae,0.07535353302955627,Pseudomonas parafulva,0.018783586099743843,0.5856423377990723,1.7356292009353638
oof,Serratia marcescens|IMG_20260303_134146,Serratia marcescens,IMG_20260303_134146,train,11,Serratia marcescens,Serratia marcescens,True,0.6097931265830994,Acinetobacter oryzae,0.07833925634622574,Ralstonia pickettii,0.06874927878379822,0.5314538478851318,1.8360028266906738
oof,Sphingomonas leidyi|IMG_20251229_171107,Sphingomonas leidyi,IMG_20251229_171107,train,4,Sphingomonas leidyi,Ralstonia pickettii,False,0.18039417266845703,Staphylococcus capitis,0.12316560000181198,Faucicola osloensis,0.08353054523468018,0.05722857266664505,3.1603147983551025
oof,Sphingomonas leidyi|IMG_20251229_171146,Sphingomonas leidyi,IMG_20251229_171146,train,7,Sphingomonas leidyi,Pseudescherichia vulneris,False,0.131365567445755,Serratia marcescens,0.11507691442966461,Staphylococcus capitis,0.09789156913757324,0.016288653016090393,3.2393014430999756
oof,Sphingomonas leidyi|IMG_20251229_171212,Sphingomonas leidyi,IMG_20251229_171212,train,5,Sphingomonas leidyi,Sphingomonas leidyi,True,0.2024473249912262,Enterobacter quasihormaechei,0.11185222864151001,Brevibacillus agri,0.10380401462316513,0.09059509634971619,3.1302902698516846
oof,Sphingomonas leidyi|IMG_20251229_171229,Sphingomonas leidyi,IMG_20251229_171229,train,8,Sphingomonas leidyi,Staphylococcus epidermidis,False,0.23734194040298462,Sphingomonas leidyi,0.21807603538036346,Staphylococcus taiwanensis,0.05773518979549408,0.019265905022621155,2.8333137035369873
oof,Sphingomonas leidyi|IMG_20251229_171317,Sphingomonas leidyi,IMG_20251229_171317,train,3,Sphingomonas leidyi,Faucicola osloensis,False,0.1472061276435852,Methylorubrum populi,0.09980063140392303,Sphingomonas leidyi,0.08343121409416199,0.04740549623966217,3.263575792312622
oof,Staphylococcus capitis|IMG_20251225_142859,Staphylococcus capitis,IMG_20251225_142859,train,12,Staphylococcus capitis,Staphylococcus capitis,True,0.8466650247573853,Staphylococcus taiwanensis,0.06848610192537308,Staphylococcus epidermidis,0.018053419888019562,0.7781789302825928,0.8178573250770569
oof,Staphylococcus capitis|IMG_20251225_142919,Staphylococcus capitis,IMG_20251225_142919,train,12,Staphylococcus capitis,Staphylococcus capitis,True,0.4666261672973633,Staphylococcus taiwanensis,0.24939745664596558,Staphylococcus epidermidis,0.15882903337478638,0.2172287106513977,1.6948895454406738
oof,Staphylococcus capitis|IMG_20251225_142924,Staphylococcus capitis,IMG_20251225_142924,train,12,Staphylococcus capitis,Staphylococcus capitis,True,0.6726908683776855,Staphylococcus taiwanensis,0.11370644718408585,Staphylococcus epidermidis,0.08023769408464432,0.5589843988418579,1.4365582466125488
oof,Staphylococcus capitis|IMG_20251225_143023,Staphylococcus capitis,IMG_20251225_143023,train,12,Staphylococcus capitis,Staphylococcus capitis,True,0.6574470400810242,Staphylococcus epidermidis,0.24781601130962372,Staphylococcus taiwanensis,0.04230693727731705,0.40963101387023926,1.0973615646362305
oof,Staphylococcus capitis|IMG_20251225_143044,Staphylococcus capitis,IMG_20251225_143044,train,9,Staphylococcus capitis,Staphylococcus cohnii,False,0.18889690935611725,Staphylococcus epidermidis,0.13364192843437195,Staphylococcus capitis,0.1328151971101761,0.0552549809217453,2.845503091812134
oof,Staphylococcus capitis|IMG_20251225_143052,Staphylococcus capitis,IMG_20251225_143052,train,12,Staphylococcus capitis,Enterobacter quasihormaechei,False,0.23664985597133636,Staphylococcus epidermidis,0.13628801703453064,Staphylococcus capitis,0.10483915358781815,0.10036183893680573,2.9115614891052246
oof,Staphylococcus capitis|IMG_20251225_143208,Staphylococcus capitis,IMG_20251225_143208,train,7,Staphylococcus capitis,Staphylococcus capitis,True,0.7076371908187866,Staphylococcus taiwanensis,0.22804583609104156,Staphylococcus epidermidis,0.012042765505611897,0.47959136962890625,0.9630810022354126
oof,Staphylococcus capitis|IMG_20251225_143305,Staphylococcus capitis,IMG_20251225_143305,train,11,Staphylococcus capitis,Staphylococcus capitis,True,0.7673282623291016,Serratia marcescens,0.043179161846637726,Pseudomonas parafulva,0.039052125066518784,0.7241491079330444,1.216536045074463
oof,Staphylococcus capitis|IMG_20251225_143317,Staphylococcus capitis,IMG_20251225_143317,train,10,Staphylococcus capitis,Staphylococcus capitis,True,0.5904069542884827,Staphylococcus epidermidis,0.25726786255836487,Staphylococcus taiwanensis,0.033116016536951065,0.3331390917301178,1.4307770729064941
oof,Staphylococcus capitis|IMG_20251225_143320,Staphylococcus capitis,IMG_20251225_143320,train,10,Staphylococcus capitis,Staphylococcus capitis,True,0.7836700081825256,Staphylococcus epidermidis,0.04772099107503891,Staphylococcus taiwanensis,0.039741888642311096,0.7359490394592285,1.160288691520691
oof,Staphylococcus capitis|IMG_20251225_143323,Staphylococcus capitis,IMG_20251225_143323,train,8,Staphylococcus capitis,Staphylococcus capitis,True,0.8511963486671448,Staphylococcus taiwanensis,0.09925676137208939,Serratia marcescens,0.007889380678534508,0.751939594745636,0.672895610332489
oof,Staphylococcus cohnii|IMG_20251227_095848,Staphylococcus cohnii,IMG_20251227_095848,train,12,Staphylococcus cohnii,Staphylococcus cohnii,True,0.6960941553115845,Enterobacter quasihormaechei,0.0834522619843483,Staphylococcus epidermidis,0.04258434846997261,0.6126418709754944,1.4683376550674438
oof,Staphylococcus cohnii|IMG_20251227_095912,Staphylococcus cohnii,IMG_20251227_095912,train,11,Staphylococcus cohnii,Staphylococcus cohnii,True,0.5817930698394775,Staphylococcus epidermidis,0.14070895314216614,Enterobacter quasihormaechei,0.07280119508504868,0.4410841166973114,1.7188688516616821
oof,Staphylococcus cohnii|IMG_20251227_095922,Staphylococcus cohnii,IMG_20251227_095922,train,12,Staphylococcus cohnii,Staphylococcus cohnii,True,0.6271072626113892,Staphylococcus petrasii,0.11434230953454971,Staphylococcus taiwanensis,0.06729980558156967,0.5127649307250977,1.6359306573867798
oof,Staphylococcus cohnii|IMG_20251227_095933,Staphylococcus cohnii,IMG_20251227_095933,train,12,Staphylococcus cohnii,Staphylococcus cohnii,True,0.6043037176132202,Enterobacter quasihormaechei,0.09074126929044724,Staphylococcus taiwanensis,0.06515951454639435,0.5135624408721924,1.773813009262085
oof,Staphylococcus cohnii|IMG_20251227_095937,Staphylococcus cohnii,IMG_20251227_095937,train,12,Staphylococcus cohnii,Staphylococcus cohnii,True,0.8385842442512512,Staphylococcus taiwanensis,0.045001331716775894,Staphylococcus capitis,0.020611310377717018,0.7935829162597656,0.9025447368621826
oof,Staphylococcus cohnii|IMG_20251227_095945,Staphylococcus cohnii,IMG_20251227_095945,train,12,Staphylococcus cohnii,Staphylococcus cohnii,True,0.8063700795173645,Staphylococcus taiwanensis,0.06512682884931564,Staphylococcus petrasii,0.014950950630009174,0.7412432432174683,1.04349946975708
oof,Staphylococcus cohnii|IMG_20251227_100002,Staphylococcus cohnii,IMG_20251227_100002,train,11,Staphylococcus cohnii,Staphylococcus cohnii,True,0.8525481820106506,Staphylococcus taiwanensis,0.029221974313259125,Staphylococcus petrasii,0.026489121839404106,0.8233262300491333,0.7960736751556396
oof,Staphylococcus cohnii|IMG_20251227_100040,Staphylococcus cohnii,IMG_20251227_100040,train,8,Staphylococcus cohnii,Staphylococcus cohnii,True,0.7688258290290833,Pseudomonas parafulva,0.061884645372629166,Staphylococcus epidermidis,0.030257679522037506,0.7069411873817444,1.187806248664856
oof,Staphylococcus cohnii|IMG_20251227_100056,Staphylococcus cohnii,IMG_20251227_100056,train,9,Staphylococcus cohnii,Staphylococcus cohnii,True,0.8711917400360107,Staphylococcus epidermidis,0.030828462913632393,Staphylococcus taiwanensis,0.02715042605996132,0.8403632640838623,0.735423743724823
oof,Staphylococcus cohnii|IMG_20251227_100116,Staphylococcus cohnii,IMG_20251227_100116,train,4,Staphylococcus cohnii,Staphylococcus cohnii,True,0.6379310488700867,Enterobacter quasihormaechei,0.03307746723294258,Pseudescherichia vulneris,0.03294261172413826,0.6048535704612732,1.8906066417694092
oof,Staphylococcus cohnii|IMG_20251227_100145,Staphylococcus cohnii,IMG_20251227_100145,train,8,Staphylococcus cohnii,Staphylococcus cohnii,True,0.6059314608573914,Pseudescherichia vulneris,0.13661667704582214,Serratia marcescens,0.021296335384249687,0.4693147838115692,1.8351272344589233
oof,Staphylococcus cohnii|IMG_20251227_100219,Staphylococcus cohnii,IMG_20251227_100219,train,11,Staphylococcus cohnii,Staphylococcus cohnii,True,0.3596738874912262,Enterobacter quasihormaechei,0.15631048381328583,Staphylococcus epidermidis,0.0520661398768425,0.20336340367794037,2.68493914604187
oof,Staphylococcus cohnii|IMG_20251227_100238,Staphylococcus cohnii,IMG_20251227_100238,train,10,Staphylococcus cohnii,Staphylococcus cohnii,True,0.707597553730011,Staphylococcus petrasii,0.09126709401607513,Serratia marcescens,0.029619403183460236,0.6163304448127747,1.454000473022461
oof,Staphylococcus epidermidis|IMG_20251224_135734,Staphylococcus epidermidis,IMG_20251224_135734,train,8,Staphylococcus epidermidis,Staphylococcus epidermidis,True,0.48965513706207275,Staphylococcus taiwanensis,0.10024746507406235,Staphylococcus capitis,0.07003080099821091,0.3894076645374298,2.150463581085205
oof,Staphylococcus epidermidis|IMG_20251224_135847,Staphylococcus epidermidis,IMG_20251224_135847,train,7,Staphylococcus epidermidis,Staphylococcus epidermidis,True,0.27407190203666687,Enterobacter quasihormaechei,0.185550257563591,Staphylococcus capitis,0.15064813196659088,0.08852164447307587,2.6410553455352783
oof,Staphylococcus epidermidis|IMG_20251224_135923,Staphylococcus epidermidis,IMG_20251224_135923,train,12,Staphylococcus epidermidis,Staphylococcus epidermidis,True,0.7844817042350769,Staphylococcus capitis,0.12985588610172272,Staphylococcus taiwanensis,0.016007447615265846,0.6546258330345154,0.9431682229042053
oof,Staphylococcus epidermidis|IMG_20251224_135957,Staphylococcus epidermidis,IMG_20251224_135957,train,12,Staphylococcus epidermidis,Staphylococcus epidermidis,True,0.9143663048744202,Staphylococcus capitis,0.023161660879850388,Serratia marcescens,0.010253002867102623,0.8912046551704407,0.5361218452453613
oof,Staphylococcus epidermidis|IMG_20251224_140005,Staphylococcus epidermidis,IMG_20251224_140005,train,12,Staphylococcus epidermidis,Staphylococcus epidermidis,True,0.8060815334320068,Serratia marcescens,0.016314728185534477,Brachybacterium conglomeratum,0.015645915642380714,0.789766788482666,1.1749908924102783
oof,Staphylococcus epidermidis|IMG_20251224_140107,Staphylococcus epidermidis,IMG_20251224_140107,train,12,Staphylococcus epidermidis,Staphylococcus epidermidis,True,0.9172608256340027,Staphylococcus capitis,0.019925255328416824,Staphylococcus cohnii,0.018740620464086533,0.8973355889320374,0.5113400816917419
oof,Staphylococcus epidermidis|IMG_20251224_140159,Staphylococcus epidermidis,IMG_20251224_140159,train,12,Staphylococcus epidermidis,Staphylococcus epidermidis,True,0.8412851095199585,Staphylococcus taiwanensis,0.027186119928956032,Staphylococcus capitis,0.02547048032283783,0.8140990138053894,0.948248028755188
oof,Staphylococcus epidermidis|IMG_20251224_140203,Staphylococcus epidermidis,IMG_20251224_140203,train,12,Staphylococcus epidermidis,Staphylococcus epidermidis,True,0.9481150507926941,Staphylococcus taiwanensis,0.025439174845814705,Staphylococcus capitis,0.0044854916632175446,0.9226758480072021,0.3283359110355377
oof,Staphylococcus epidermidis|IMG_20251224_140240,Staphylococcus epidermidis,IMG_20251224_140240,train,12,Staphylococcus epidermidis,Staphylococcus epidermidis,True,0.8276746869087219,Staphylococcus capitis,0.04616042599081993,Acinetobacter seifertii,0.015132973901927471,0.7815142869949341,1.0006539821624756
oof,Staphylococcus epidermidis|IMG_20251224_140246,Staphylococcus epidermidis,IMG_20251224_140246,train,12,Staphylococcus epidermidis,Staphylococcus epidermidis,True,0.7044190764427185,Enterobacter quasihormaechei,0.09824264049530029,Staphylococcus capitis,0.06136585772037506,0.6061764359474182,1.3622068166732788
oof,Staphylococcus epidermidis|IMG_20251224_140345,Staphylococcus epidermidis,IMG_20251224_140345,train,12,Staphylococcus epidermidis,Staphylococcus epidermidis,True,0.4243757128715515,Staphylococcus capitis,0.1601770520210266,Staphylococcus cohnii,0.08707628399133682,0.2641986608505249,2.333181142807007
oof,Staphylococcus epidermidis|IMG_20251224_140420,Staphylococcus epidermidis,IMG_20251224_140420,train,11,Staphylococcus epidermidis,Staphylococcus epidermidis,True,0.8308355808258057,Staphylococcus cohnii,0.07264035195112228,Staphylococcus taiwanensis,0.01822155900299549,0.7581952214241028,0.8668373227119446
oof,Staphylococcus epidermidis|IMG_20251224_140430,Staphylococcus epidermidis,IMG_20251224_140430,train,10,Staphylococcus epidermidis,Staphylococcus epidermidis,True,0.6627282500267029,Staphylococcus taiwanensis,0.044144775718450546,Staphylococcus roterodami,0.030187975615262985,0.6185835003852844,1.7652226686477661
oof,Staphylococcus epidermidis|IMG_20251224_140442,Staphylococcus epidermidis,IMG_20251224_140442,train,12,Staphylococcus epidermidis,Staphylococcus epidermidis,True,0.5673498511314392,Staphylococcus cohnii,0.13709568977355957,Staphylococcus taiwanensis,0.03891478478908539,0.43025416135787964,1.9794656038284302
oof,Staphylococcus epidermidis|IMG_20251224_140515,Staphylococcus epidermidis,IMG_20251224_140515,train,12,Staphylococcus epidermidis,Staphylococcus epidermidis,True,0.6023460030555725,Staphylococcus taiwanensis,0.07542602717876434,Staphylococcus cohnii,0.05616765469312668,0.526919960975647,1.8460599184036255
oof,Staphylococcus petrasii|IMG_20251224_135205,Staphylococcus petrasii,IMG_20251224_135205,train,10,Staphylococcus petrasii,Staphylococcus petrasii,True,0.3039626181125641,Staphylococcus cohnii,0.2676723599433899,Staphylococcus taiwanensis,0.18578611314296722,0.036290258169174194,2.2022979259490967
oof,Staphylococcus petrasii|IMG_20251224_135320,Staphylococcus petrasii,IMG_20251224_135320,train,9,Staphylococcus petrasii,Staphylococcus cohnii,False,0.4385937750339508,Staphylococcus petrasii,0.17302626371383667,Staphylococcus taiwanensis,0.12704794108867645,0.26556751132011414,1.94285249710083
oof,Staphylococcus petrasii|IMG_20251224_135355,Staphylococcus petrasii,IMG_20251224_135355,train,9,Staphylococcus petrasii,Staphylococcus taiwanensis,False,0.4010900557041168,Staphylococcus cohnii,0.1214233934879303,Staphylococcus petrasii,0.10471399873495102,0.2796666622161865,2.450514078140259
oof,Staphylococcus petrasii|IMG_20251224_135418,Staphylococcus petrasii,IMG_20251224_135418,train,7,Staphylococcus petrasii,Staphylococcus taiwanensis,False,0.3928374648094177,Staphylococcus petrasii,0.31769293546676636,Staphylococcus roterodami,0.09990281611680984,0.07514452934265137,1.9106770753860474
oof,Staphylococcus petrasii|IMG_20251224_135506,Staphylococcus petrasii,IMG_20251224_135506,train,8,Staphylococcus petrasii,Staphylococcus taiwanensis,False,0.31375303864479065,Staphylococcus petrasii,0.2627939283847809,Staphylococcus roterodami,0.09198436886072159,0.050959110260009766,2.3760929107666016
oof,Staphylococcus petrasii|IMG_20251224_135552,Staphylococcus petrasii,IMG_20251224_135552,train,7,Staphylococcus petrasii,Staphylococcus taiwanensis,False,0.21505555510520935,Staphylococcus epidermidis,0.12609514594078064,Staphylococcus cohnii,0.12445764988660812,0.08896040916442871,2.8083558082580566
oof,Staphylococcus roterodami|IMG_20251222_132927,Staphylococcus roterodami,IMG_20251222_132927,train,5,Staphylococcus roterodami,Staphylococcus roterodami,True,0.8345869183540344,Priestia megaterium,0.05682341381907463,Staphylococcus taiwanensis,0.010862626135349274,0.7777634859085083,0.9278790950775146
oof,Staphylococcus roterodami|IMG_20251222_132934,Staphylococcus roterodami,IMG_20251222_132934,train,8,Staphylococcus roterodami,Staphylococcus roterodami,True,0.839191734790802,Staphylococcus cohnii,0.05183998495340347,Arthrobacter gandavensis,0.024960055947303772,0.7873517274856567,0.8795642852783203
oof,Staphylococcus roterodami|IMG_20251222_132943,Staphylococcus roterodami,IMG_20251222_132943,train,8,Staphylococcus roterodami,Staphylococcus roterodami,True,0.7940686345100403,Staphylococcus taiwanensis,0.031182730570435524,Arthrobacter gandavensis,0.017212452366948128,0.7628859281539917,1.208441138267517
oof,Staphylococcus roterodami|IMG_20251222_133000,Staphylococcus roterodami,IMG_20251222_133000,train,10,Staphylococcus roterodami,Staphylococcus roterodami,True,0.6133333444595337,Arthrobacter gandavensis,0.05714993551373482,Bacillus infantis,0.02466750144958496,0.556183397769928,1.9764944314956665
oof,Staphylococcus roterodami|IMG_20251222_133004,Staphylococcus roterodami,IMG_20251222_133004,train,7,Staphylococcus roterodami,Staphylococcus roterodami,True,0.5266191363334656,Staphylococcus taiwanensis,0.1009008064866066,Enterobacter quasihormaechei,0.02618066407740116,0.4257183372974396,2.263108015060425
oof,Staphylococcus roterodami|IMG_20251222_133032,Staphylococcus roterodami,IMG_20251222_133032,train,7,Staphylococcus roterodami,Staphylococcus roterodami,True,0.8931914567947388,Staphylococcus petrasii,0.04115460813045502,Staphylococcus taiwanensis,0.011884820647537708,0.8520368337631226,0.6251991987228394
oof,Staphylococcus roterodami|IMG_20251222_133043,Staphylococcus roterodami,IMG_20251222_133043,train,11,Staphylococcus roterodami,Staphylococcus roterodami,True,0.7919293642044067,Stenotrophomonas pavanii,0.06894360482692719,Staphylococcus petrasii,0.019293151795864105,0.7229857444763184,1.1040329933166504
oof,Staphylococcus roterodami|IMG_20251222_133109,Staphylococcus roterodami,IMG_20251222_133109,train,8,Staphylococcus roterodami,Staphylococcus roterodami,True,0.758671760559082,Staphylococcus taiwanensis,0.06226407736539841,Staphylococcus petrasii,0.02214972861111164,0.696407675743103,1.3042433261871338
oof,Staphylococcus roterodami|IMG_20251222_133128,Staphylococcus roterodami,IMG_20251222_133128,train,10,Staphylococcus roterodami,Staphylococcus roterodami,True,0.755030632019043,Staphylococcus taiwanensis,0.05753263831138611,Bacillus subtilis,0.04420095682144165,0.6974979639053345,1.2869954109191895
oof,Staphylococcus roterodami|IMG_20251222_133143,Staphylococcus roterodami,IMG_20251222_133143,train,11,Staphylococcus roterodami,Staphylococcus roterodami,True,0.7997639179229736,Bacillus subtilis,0.04439414665102959,Staphylococcus taiwanensis,0.04220345616340637,0.7553697824478149,1.0507289171218872
oof,Staphylococcus roterodami|IMG_20251222_133203,Staphylococcus roterodami,IMG_20251222_133203,train,11,Staphylococcus roterodami,Staphylococcus roterodami,True,0.8222468495368958,Arthrobacter gandavensis,0.050188563764095306,Staphylococcus taiwanensis,0.035590849816799164,0.7720583081245422,0.9394882321357727
oof,Staphylococcus roterodami|IMG_20251222_133236,Staphylococcus roterodami,IMG_20251222_133236,train,8,Staphylococcus roterodami,Staphylococcus roterodami,True,0.6217384338378906,Bacillus subtilis,0.09556885063648224,Brevundimonas huaxiensis,0.028510741889476776,0.5261695981025696,1.8428881168365479
oof,Staphylococcus roterodami|IMG_20251222_133305,Staphylococcus roterodami,IMG_20251222_133305,train,9,Staphylococcus roterodami,Staphylococcus roterodami,True,0.9110971093177795,Bacillus thuringiensis,0.02706689015030861,Staphylococcus ureilyticu,0.01831761933863163,0.8840302228927612,0.5200299024581909
oof,Staphylococcus roterodami|IMG_20251222_133318,Staphylococcus roterodami,IMG_20251222_133318,train,10,Staphylococcus roterodami,Staphylococcus roterodami,True,0.7941073179244995,Serratia marcescens,0.034582238644361496,Staphylococcus taiwanensis,0.02761557511985302,0.7595250606536865,1.1269701719284058
oof,Staphylococcus roterodami|IMG_20251222_133325,Staphylococcus roterodami,IMG_20251222_133325,train,9,Staphylococcus roterodami,Staphylococcus roterodami,True,0.9394993185997009,Bacillus subtilis,0.011660645715892315,Brevundimonas huaxiensis,0.010903053916990757,0.9278386831283569,0.4029186964035034
oof,Staphylococcus roterodami|IMG_20251222_133502,Staphylococcus roterodami,IMG_20251222_133502,train,9,Staphylococcus roterodami,Staphylococcus roterodami,True,0.6181938648223877,Staphylococcus taiwanensis,0.23103100061416626,Bacillus subtilis,0.070796437561512,0.38716286420822144,1.281532883644104
oof,Staphylococcus roterodami|IMG_20251222_133520,Staphylococcus roterodami,IMG_20251222_133520,train,7,Staphylococcus roterodami,Staphylococcus roterodami,True,0.6567643880844116,Staphylococcus taiwanensis,0.2060536891222,Bacillus subtilis,0.03683042153716087,0.4507107138633728,1.2503467798233032
oof,Staphylococcus roterodami|IMG_20251222_133534,Staphylococcus roterodami,IMG_20251222_133534,train,10,Staphylococcus roterodami,Staphylococcus roterodami,True,0.6321665644645691,Staphylococcus taiwanensis,0.11356019228696823,Staphylococcus petrasii,0.08866212517023087,0.5186063647270203,1.5901557207107544
oof,Staphylococcus roterodami|IMG_20251222_133604,Staphylococcus roterodami,IMG_20251222_133604,train,10,Staphylococcus roterodami,Staphylococcus roterodami,True,0.5323500633239746,Staphylococcus taiwanensis,0.18186044692993164,Bacillus subtilis,0.03620914742350578,0.35048961639404297,1.9344441890716553
oof,Staphylococcus taiwanensis|IMG_20251222_140252,Staphylococcus taiwanensis,IMG_20251222_140252,train,12,Staphylococcus taiwanensis,Staphylococcus taiwanensis,True,0.46271660923957825,Staphylococcus petrasii,0.14601893723011017,Staphylococcus roterodami,0.09486653655767441,0.3166976571083069,2.2035202980041504
oof,Staphylococcus taiwanensis|IMG_20251222_140311,Staphylococcus taiwanensis,IMG_20251222_140311,train,12,Staphylococcus taiwanensis,Staphylococcus taiwanensis,True,0.6778850555419922,Staphylococcus cohnii,0.039927054196596146,Staphylococcus petrasii,0.036481741815805435,0.6379579901695251,1.6607860326766968
oof,Staphylococcus taiwanensis|IMG_20251222_140317,Staphylococcus taiwanensis,IMG_20251222_140317,train,11,Staphylococcus taiwanensis,Staphylococcus taiwanensis,True,0.48325255513191223,Staphylococcus cohnii,0.16250774264335632,Staphylococcus petrasii,0.06799712777137756,0.3207448124885559,2.0797038078308105
oof,Staphylococcus taiwanensis|IMG_20251222_140320,Staphylococcus taiwanensis,IMG_20251222_140320,train,10,Staphylococcus taiwanensis,Staphylococcus taiwanensis,True,0.4627307653427124,Staphylococcus cohnii,0.12873302400112152,Staphylococcus petrasii,0.08324570953845978,0.3339977264404297,2.2200825214385986
oof,Staphylococcus taiwanensis|IMG_20251222_140322,Staphylococcus taiwanensis,IMG_20251222_140322,train,9,Staphylococcus taiwanensis,Staphylococcus taiwanensis,True,0.514481782913208,Staphylococcus cohnii,0.11402511596679688,Staphylococcus petrasii,0.09230254590511322,0.40045666694641113,2.0928592681884766
oof,Staphylococcus taiwanensis|IMG_20251222_140325,Staphylococcus taiwanensis,IMG_20251222_140325,train,8,Staphylococcus taiwanensis,Staphylococcus taiwanensis,True,0.7199851870536804,Staphylococcus cohnii,0.09418316185474396,Sphingomonas leidyi,0.05490778014063835,0.6258020401000977,1.2773168087005615
oof,Staphylococcus taiwanensis|IMG_20251222_140329,Staphylococcus taiwanensis,IMG_20251222_140329,train,8,Staphylococcus taiwanensis,Staphylococcus taiwanensis,True,0.6759904623031616,Staphylococcus capitis,0.09135779738426208,Staphylococcus epidermidis,0.06299098581075668,0.5846326351165771,1.492204189300537
oof,Staphylococcus taiwanensis|IMG_20251222_140332,Staphylococcus taiwanensis,IMG_20251222_140332,train,11,Staphylococcus taiwanensis,Staphylococcus taiwanensis,True,0.7300863862037659,Staphylococcus epidermidis,0.04490559548139572,Staphylococcus petrasii,0.0362166129052639,0.6851807832717896,1.4266036748886108
oof,Staphylococcus taiwanensis|IMG_20251222_140338,Staphylococcus taiwanensis,IMG_20251222_140338,train,11,Staphylococcus taiwanensis,Staphylococcus taiwanensis,True,0.6905719041824341,Staphylococcus petrasii,0.1520332396030426,Staphylococcus epidermidis,0.044248759746551514,0.5385386943817139,1.3083820343017578
oof,Staphylococcus taiwanensis|IMG_20251222_140402,Staphylococcus taiwanensis,IMG_20251222_140402,train,12,Staphylococcus taiwanensis,Staphylococcus taiwanensis,True,0.814104437828064,Staphylococcus cohnii,0.021089062094688416,Staphylococcus epidermidis,0.019057007506489754,0.7930153608322144,1.0710151195526123
oof,Staphylococcus taiwanensis|IMG_20251222_140403,Staphylococcus taiwanensis,IMG_20251222_140403,train,12,Staphylococcus taiwanensis,Staphylococcus taiwanensis,True,0.7330754399299622,Staphylococcus roterodami,0.06055358052253723,Staphylococcus capitis,0.049947112798690796,0.6725218296051025,1.3601410388946533
oof,Staphylococcus taiwanensis|IMG_20251222_140411,Staphylococcus taiwanensis,IMG_20251222_140411,train,11,Staphylococcus taiwanensis,Staphylococcus taiwanensis,True,0.8559946417808533,Staphylococcus roterodami,0.03087160922586918,Staphylococcus petrasii,0.026227852329611778,0.8251230120658875,0.817008912563324
oof,Staphylococcus taiwanensis|IMG_20251222_140418,Staphylococcus taiwanensis,IMG_20251222_140418,train,11,Staphylococcus taiwanensis,Staphylococcus taiwanensis,True,0.8554445505142212,Staphylococcus capitis,0.06342070549726486,Staphylococcus epidermidis,0.025601282715797424,0.7920238375663757,0.7507393956184387
oof,Staphylococcus taiwanensis|IMG_20251222_140422,Staphylococcus taiwanensis,IMG_20251222_140422,train,12,Staphylococcus taiwanensis,Staphylococcus taiwanensis,True,0.8019301891326904,Staphylococcus epidermidis,0.05106667801737785,Staphylococcus roterodami,0.04352276399731636,0.7508634924888611,1.014290452003479
oof,Staphylococcus taiwanensis|IMG_20251222_140450,Staphylococcus taiwanensis,IMG_20251222_140450,train,7,Staphylococcus taiwanensis,Staphylococcus taiwanensis,True,0.5040114521980286,Staphylococcus capitis,0.19280682504177094,Staphylococcus petrasii,0.10297496616840363,0.31120461225509644,1.7823638916015625
oof,Staphylococcus taiwanensis|IMG_20251222_140454,Staphylococcus taiwanensis,IMG_20251222_140454,train,11,Staphylococcus taiwanensis,Staphylococcus taiwanensis,True,0.8340825438499451,Staphylococcus epidermidis,0.06419458985328674,Staphylococcus petrasii,0.02246665209531784,0.7698879241943359,0.8663985729217529
oof,Staphylococcus taiwanensis|IMG_20251222_140456,Staphylococcus taiwanensis,IMG_20251222_140456,train,12,Staphylococcus taiwanensis,Staphylococcus taiwanensis,True,0.846067488193512,Staphylococcus roterodami,0.04611654579639435,Staphylococcus cohnii,0.02320186048746109,0.7999509572982788,0.819909393787384
oof,Staphylococcus taiwanensis|IMG_20251222_140515,Staphylococcus taiwanensis,IMG_20251222_140515,train,3,Staphylococcus taiwanensis,Staphylococcus roterodami,False,0.6150571703910828,Staphylococcus taiwanensis,0.28403347730636597,Staphylococcus epidermidis,0.024211594834923744,0.3310236930847168,1.2042417526245117
oof,Staphylococcus taiwanensis|IMG_20251222_140521,Staphylococcus taiwanensis,IMG_20251222_140521,train,9,Staphylococcus taiwanensis,Staphylococcus taiwanensis,True,0.49128812551498413,Staphylococcus roterodami,0.10977929085493088,Staphylococcus epidermidis,0.10898160189390182,0.38150882720947266,2.1675920486450195
oof,Staphylococcus ureilyticu|IMG_20251219_162013,Staphylococcus ureilyticu,IMG_20251219_162013,train,10,Staphylococcus ureilyticu,Staphylococcus ureilyticu,True,0.9575552344322205,Enterobacter quasihormaechei,0.015798693522810936,Staphylococcus taiwanensis,0.0016407809453085065,0.941756546497345,0.2994115650653839
oof,Staphylococcus ureilyticu|IMG_20251219_162017,Staphylococcus ureilyticu,IMG_20251219_162017,train,9,Staphylococcus ureilyticu,Staphylococcus ureilyticu,True,0.9400404691696167,Brachybacterium conglomeratum,0.01252059731632471,Arthrobacter gandavensis,0.005325863603502512,0.9275198578834534,0.4207814037799835
oof,Staphylococcus ureilyticu|IMG_20251219_162021,Staphylococcus ureilyticu,IMG_20251219_162021,train,11,Staphylococcus ureilyticu,Staphylococcus ureilyticu,True,0.9778890609741211,Bacillus subtilis,0.002366036409512162,Staphylococcus petrasii,0.0021335456985980272,0.9755229949951172,0.1810692399740219
oof,Staphylococcus ureilyticu|IMG_20251219_162025,Staphylococcus ureilyticu,IMG_20251219_162025,train,12,Staphylococcus ureilyticu,Staphylococcus ureilyticu,True,0.9787626266479492,Micrococcus yunnanensis,0.0014968224568292499,Brachybacterium conglomeratum,0.0014085484435781837,0.9772657752037048,0.17808976769447327
oof,Staphylococcus ureilyticu|IMG_20251219_162029,Staphylococcus ureilyticu,IMG_20251219_162029,train,9,Staphylococcus ureilyticu,Staphylococcus ureilyticu,True,0.9648724794387817,Staphylococcus capitis,0.003236865159124136,Staphylococcus epidermidis,0.002697837306186557,0.9616355895996094,0.2751590609550476
oof,Staphylococcus ureilyticu|IMG_20251219_162032,Staphylococcus ureilyticu,IMG_20251219_162032,train,7,Staphylococcus ureilyticu,Staphylococcus ureilyticu,True,0.9531941413879395,Staphylococcus roterodami,0.010344728827476501,Enterobacter quasihormaechei,0.005358342081308365,0.9428493976593018,0.3341338038444519
oof,Staphylococcus ureilyticu|IMG_20251219_162040,Staphylococcus ureilyticu,IMG_20251219_162040,train,9,Staphylococcus ureilyticu,Staphylococcus ureilyticu,True,0.8445080518722534,Staphylococcus taiwanensis,0.023452304303646088,Staphylococcus epidermidis,0.020657964050769806,0.8210557699203491,0.9366785287857056
oof,Staphylococcus ureilyticu|IMG_20251219_162045,Staphylococcus ureilyticu,IMG_20251219_162045,train,9,Staphylococcus ureilyticu,Staphylococcus ureilyticu,True,0.9950686693191528,Staphylococcus capitis,0.0004701088764704764,Staphylococcus taiwanensis,0.00036790152080357075,0.9945985674858093,0.048303306102752686
oof,Staphylococcus ureilyticu|IMG_20251219_162059,Staphylococcus ureilyticu,IMG_20251219_162059,train,8,Staphylococcus ureilyticu,Staphylococcus ureilyticu,True,0.9864732027053833,Kocuria rhizophila,0.00358512788079679,Staphylococcus cohnii,0.0013167827855795622,0.9828881025314331,0.11320708692073822
oof,Staphylococcus ureilyticu|IMG_20251219_162105,Staphylococcus ureilyticu,IMG_20251219_162105,train,7,Staphylococcus ureilyticu,Staphylococcus ureilyticu,True,0.9420671463012695,Aureobasidium melanogenum,0.008610854856669903,Brevundimonas huaxiensis,0.008552974089980125,0.933456301689148,0.40784674882888794
oof,Staphylococcus ureilyticu|IMG_20251219_162113,Staphylococcus ureilyticu,IMG_20251219_162113,train,7,Staphylococcus ureilyticu,Staphylococcus ureilyticu,True,0.9971256852149963,Brachybacterium conglomeratum,0.00039708297117613256,Staphylococcus petrasii,0.00020910882449243218,0.9967285990715027,0.029600052163004875
oof,Staphylococcus ureilyticu|IMG_20251219_162131,Staphylococcus ureilyticu,IMG_20251219_162131,train,10,Staphylococcus ureilyticu,Staphylococcus ureilyticu,True,0.9466937780380249,Kocuria rhizophila,0.011571305803954601,Micrococcus yunnanensis,0.004784341435879469,0.9351224899291992,0.37913087010383606
oof,Staphylococcus ureilyticu|IMG_20251219_162148,Staphylococcus ureilyticu,IMG_20251219_162148,train,6,Staphylococcus ureilyticu,Staphylococcus ureilyticu,True,0.9536657929420471,Enterobacter quasihormaechei,0.003547597210854292,Staphylococcus epidermidis,0.003027901751920581,0.9501181840896606,0.35311511158943176
oof,Staphylococcus ureilyticu|IMG_20251219_162153,Staphylococcus ureilyticu,IMG_20251219_162153,train,3,Staphylococcus ureilyticu,Staphylococcus ureilyticu,True,0.7143455147743225,Staphylococcus cohnii,0.06462951004505157,Staphylococcus roterodami,0.023837676271796227,0.6497160196304321,1.4962319135665894
oof,Staphylococcus ureilyticu|IMG_20251219_162156,Staphylococcus ureilyticu,IMG_20251219_162156,train,8,Staphylococcus ureilyticu,Staphylococcus ureilyticu,True,0.958297848701477,Stenotrophomonas pavanii,0.006535013671964407,Bacillus pumilus,0.0030437023378908634,0.951762855052948,0.3132435083389282
oof,Staphylococcus ureilyticu|IMG_20251219_162207,Staphylococcus ureilyticu,IMG_20251219_162207,train,5,Staphylococcus ureilyticu,Staphylococcus ureilyticu,True,0.7999280691146851,Enterobacter quasihormaechei,0.015972118824720383,Staphylococcus roterodami,0.01571296714246273,0.7839559316635132,1.1970205307006836
oof,Staphylococcus ureilyticu|IMG_20251219_162214,Staphylococcus ureilyticu,IMG_20251219_162214,train,10,Staphylococcus ureilyticu,Staphylococcus ureilyticu,True,0.9243587851524353,Bacillus pumilus,0.012244491837918758,Stenotrophomonas maltophilia,0.010018791072070599,0.9121143221855164,0.5090482234954834
oof,Staphylococcus ureilyticu|IMG_20251219_162218,Staphylococcus ureilyticu,IMG_20251219_162218,train,7,Staphylococcus ureilyticu,Staphylococcus ureilyticu,True,0.9819669723510742,Staphylococcus roterodami,0.004360253922641277,Brevundimonas huaxiensis,0.0023505953140556812,0.9776067137718201,0.14488135278224945
oof,Staphylococcus ureilyticu|IMG_20251219_162225,Staphylococcus ureilyticu,IMG_20251219_162225,train,9,Staphylococcus ureilyticu,Staphylococcus ureilyticu,True,0.8659898638725281,Arthrobacter gandavensis,0.012823197990655899,Bacillus pumilus,0.008607963100075722,0.8531666398048401,0.854203462600708
oof,Staphylococcus ureilyticu|IMG_20251219_162241,Staphylococcus ureilyticu,IMG_20251219_162241,train,10,Staphylococcus ureilyticu,Staphylococcus ureilyticu,True,0.8989343643188477,Staphylococcus roterodami,0.010420872829854488,Bacillus pumilus,0.010389275848865509,0.8885135054588318,0.6720914244651794
oof,Staphylococcus ureilyticu|IMG_20251219_162247,Staphylococcus ureilyticu,IMG_20251219_162247,train,12,Staphylococcus ureilyticu,Staphylococcus ureilyticu,True,0.9212387204170227,Bacillus pumilus,0.020371664315462112,Staphylococcus roterodami,0.011091731488704681,0.9008670449256897,0.508147120475769
oof,Staphylococcus ureilyticu|IMG_20251219_162254,Staphylococcus ureilyticu,IMG_20251219_162254,train,12,Staphylococcus ureilyticu,Staphylococcus ureilyticu,True,0.9568290710449219,Bacillus pumilus,0.008466917090117931,Bacillus cereus,0.005281161051243544,0.9483621716499329,0.31504321098327637
oof,Staphylococcus ureilyticu|IMG_20251219_162258,Staphylococcus ureilyticu,IMG_20251219_162258,train,9,Staphylococcus ureilyticu,Staphylococcus ureilyticu,True,0.9365663528442383,Enterobacter quasihormaechei,0.009438937529921532,Staphylococcus petrasii,0.0053274380043148994,0.9271274209022522,0.4482324421405792
oof,Staphylococcus ureilyticu|IMG_20251219_162302,Staphylococcus ureilyticu,IMG_20251219_162302,train,9,Staphylococcus ureilyticu,Staphylococcus ureilyticu,True,0.8698205947875977,Staphylococcus petrasii,0.021773701533675194,Acinetobacter oryzae,0.009624846279621124,0.8480468988418579,0.8228921294212341
oof,Staphylococcus ureilyticu|IMG_20251219_162308,Staphylococcus ureilyticu,IMG_20251219_162308,train,10,Staphylococcus ureilyticu,Staphylococcus ureilyticu,True,0.6022090315818787,Staphylococcus roterodami,0.05265810340642929,Stenotrophomonas pavanii,0.04046895354986191,0.5495509505271912,1.9861313104629517
oof,Stenotrophomonas maltophilia|IMG_20251231_155847,Stenotrophomonas maltophilia,IMG_20251231_155847,train,9,Stenotrophomonas maltophilia,Stenotrophomonas maltophilia,True,0.44685131311416626,Enterobacter quasihormaechei,0.10798283666372299,Bacillus pumilus,0.10013509541749954,0.33886846899986267,2.2842915058135986
oof,Stenotrophomonas maltophilia|IMG_20251231_155913,Stenotrophomonas maltophilia,IMG_20251231_155913,train,7,Stenotrophomonas maltophilia,Stenotrophomonas maltophilia,True,0.7374695539474487,Ralstonia pickettii,0.06881283223628998,Bacillus manliponensis,0.04138496145606041,0.6686567068099976,1.3288706541061401
oof,Stenotrophomonas maltophilia|IMG_20251231_155922,Stenotrophomonas maltophilia,IMG_20251231_155922,train,11,Stenotrophomonas maltophilia,Stenotrophomonas maltophilia,True,0.6258760094642639,Brevibacillus agri,0.05281919613480568,Chryseobacterium hagamense,0.03446931764483452,0.5730568170547485,1.9294520616531372
oof,Stenotrophomonas maltophilia|IMG_20251231_160048,Stenotrophomonas maltophilia,IMG_20251231_160048,train,7,Stenotrophomonas maltophilia,Stenotrophomonas maltophilia,True,0.7762859463691711,Ralstonia pickettii,0.07845235615968704,Bacillus piscis,0.01862521283328533,0.6978335976600647,1.1802486181259155
oof,Stenotrophomonas maltophilia|IMG_20251231_160054,Stenotrophomonas maltophilia,IMG_20251231_160054,train,9,Stenotrophomonas maltophilia,Stenotrophomonas maltophilia,True,0.5008513331413269,Ralstonia pickettii,0.11360431462526321,Pseudescherichia vulneris,0.037261709570884705,0.3872470259666443,2.29260516166687
oof,Stenotrophomonas maltophilia|IMG_20251231_160107,Stenotrophomonas maltophilia,IMG_20251231_160107,train,11,Stenotrophomonas maltophilia,Stenotrophomonas maltophilia,True,0.6969109177589417,Stenotrophomonas pavanii,0.1096268892288208,Brevibacillus agri,0.02254430763423443,0.5872840285301208,1.4471725225448608
oof,Stenotrophomonas maltophilia|IMG_20251231_160149,Stenotrophomonas maltophilia,IMG_20251231_160149,train,12,Stenotrophomonas maltophilia,Stenotrophomonas maltophilia,True,0.8018309473991394,Ralstonia pickettii,0.03824596107006073,Stenotrophomonas pavanii,0.019080156460404396,0.7635849714279175,1.0896419286727905
oof,Stenotrophomonas maltophilia|IMG_20251231_160305,Stenotrophomonas maltophilia,IMG_20251231_160305,train,8,Stenotrophomonas maltophilia,Stenotrophomonas maltophilia,True,0.48806148767471313,Ralstonia pickettii,0.16586509346961975,Faucicola osloensis,0.06461572647094727,0.3221963942050934,2.126906156539917
oof,Stenotrophomonas maltophilia|IMG_20251231_160309,Stenotrophomonas maltophilia,IMG_20251231_160309,train,9,Stenotrophomonas maltophilia,Stenotrophomonas maltophilia,True,0.6363680958747864,Ralstonia pickettii,0.1297019124031067,Bacillus pumilus,0.020541561767458916,0.5066661834716797,1.7233264446258545
oof,Stenotrophomonas maltophilia|IMG_20251231_160313,Stenotrophomonas maltophilia,IMG_20251231_160313,train,7,Stenotrophomonas maltophilia,Stenotrophomonas maltophilia,True,0.8386048674583435,Ralstonia pickettii,0.03977843374013901,Enterobacter quasihormaechei,0.01787019707262516,0.7988264560699463,0.9435995817184448
oof,Stenotrophomonas maltophilia|IMG_20251231_160318,Stenotrophomonas maltophilia,IMG_20251231_160318,train,10,Stenotrophomonas maltophilia,Stenotrophomonas maltophilia,True,0.8243430256843567,Enterobacter quasihormaechei,0.04783603176474571,Bacillus pumilus,0.021752599626779556,0.7765070199966431,0.9818198680877686
oof,Stenotrophomonas maltophilia|IMG_20251231_160324,Stenotrophomonas maltophilia,IMG_20251231_160324,train,12,Stenotrophomonas maltophilia,Stenotrophomonas maltophilia,True,0.8012683391571045,Bacillus pumilus,0.041533272713422775,Bacillus haynesii,0.030573435127735138,0.7597350478172302,1.065903902053833
oof,Stenotrophomonas maltophilia|IMG_20251231_160341,Stenotrophomonas maltophilia,IMG_20251231_160341,train,7,Stenotrophomonas maltophilia,Stenotrophomonas maltophilia,True,0.5602863430976868,Bacillus haynesii,0.14229311048984528,Bacillus pumilus,0.03101320192217827,0.4179932475090027,1.9745185375213623
oof,Stenotrophomonas maltophilia|IMG_20251231_160359,Stenotrophomonas maltophilia,IMG_20251231_160359,train,8,Stenotrophomonas maltophilia,Stenotrophomonas maltophilia,True,0.8621261715888977,Pseudescherichia vulneris,0.051604293286800385,Ralstonia pickettii,0.021545259281992912,0.8105219006538391,0.7568419575691223
oof,Stenotrophomonas pavanii|IMG_20260117_113217,Stenotrophomonas pavanii,IMG_20260117_113217,train,8,Stenotrophomonas pavanii,Stenotrophomonas pavanii,True,0.8971810936927795,Brevibacillus agri,0.015263920649886131,Bacillus subtilis,0.013705404475331306,0.8819171786308289,0.6606201529502869
oof,Stenotrophomonas pavanii|IMG_20260117_113222,Stenotrophomonas pavanii,IMG_20260117_113222,train,4,Stenotrophomonas pavanii,Stenotrophomonas pavanii,True,0.9608895182609558,Brevundimonas huaxiensis,0.01282837986946106,Brevibacillus agri,0.0013859625905752182,0.9480611085891724,0.28356871008872986
oof,Stenotrophomonas pavanii|IMG_20260117_113228,Stenotrophomonas pavanii,IMG_20260117_113228,train,5,Stenotrophomonas pavanii,Stenotrophomonas pavanii,True,0.6499621272087097,Bacillus aerius,0.058718446642160416,Brevundimonas huaxiensis,0.04620383307337761,0.5912436842918396,1.7483930587768555
oof,Stenotrophomonas pavanii|IMG_20260117_113229,Stenotrophomonas pavanii,IMG_20260117_113229,train,3,Stenotrophomonas pavanii,Stenotrophomonas pavanii,True,0.17264752089977264,Staphylococcus ureilyticu,0.0677051842212677,Staphylococcus epidermidis,0.06007375195622444,0.10494233667850494,3.331796646118164
oof,Stenotrophomonas pavanii|IMG_20260117_113236,Stenotrophomonas pavanii,IMG_20260117_113236,train,3,Stenotrophomonas pavanii,Stenotrophomonas pavanii,True,0.7677835822105408,Stenotrophomonas maltophilia,0.11296985298395157,Brevundimonas huaxiensis,0.022969374433159828,0.6548137068748474,1.0735071897506714
oof,Stenotrophomonas pavanii|IMG_20260117_113241,Stenotrophomonas pavanii,IMG_20260117_113241,train,4,Stenotrophomonas pavanii,Stenotrophomonas pavanii,True,0.9310773611068726,Stenotrophomonas maltophilia,0.019060194492340088,Brevundimonas huaxiensis,0.011187403462827206,0.9120171666145325,0.44588518142700195
oof,Stenotrophomonas pavanii|IMG_20260117_113243,Stenotrophomonas pavanii,IMG_20260117_113243,train,8,Stenotrophomonas pavanii,Stenotrophomonas pavanii,True,0.8171727657318115,Brevibacillus agri,0.03216137737035751,Bacillus haynesii,0.028982562944293022,0.7850114107131958,0.980541467666626
oof,Stenotrophomonas pavanii|IMG_20260117_113245,Stenotrophomonas pavanii,IMG_20260117_113245,train,5,Stenotrophomonas pavanii,Stenotrophomonas pavanii,True,0.8031460046768188,Bacillus subtilis,0.05406491830945015,Bacillus pumilus,0.022044170647859573,0.7490810751914978,1.088509440422058
oof,Stenotrophomonas pavanii|IMG_20260117_113248,Stenotrophomonas pavanii,IMG_20260117_113248,train,3,Stenotrophomonas pavanii,Stenotrophomonas pavanii,True,0.7396910786628723,Pantoea ananatis,0.06422776728868484,Brevundimonas huaxiensis,0.045451659709215164,0.6754633188247681,1.2976258993148804
oof,Stenotrophomonas pavanii|IMG_20260117_113252,Stenotrophomonas pavanii,IMG_20260117_113252,train,5,Stenotrophomonas pavanii,Stenotrophomonas pavanii,True,0.9359058141708374,Bacillus manliponensis,0.02137737348675728,Bacillus thuringiensis,0.005688052624464035,0.9145284295082092,0.4191186726093292
oof,Stenotrophomonas pavanii|IMG_20260117_113303,Stenotrophomonas pavanii,IMG_20260117_113303,train,3,Stenotrophomonas pavanii,Stenotrophomonas pavanii,True,0.4508378207683563,Stenotrophomonas maltophilia,0.31208541989326477,Staphylococcus ureilyticu,0.06212712451815605,0.13875240087509155,1.7574937343597412
oof,Stenotrophomonas pavanii|IMG_20260117_113322,Stenotrophomonas pavanii,IMG_20260117_113322,train,6,Stenotrophomonas pavanii,Stenotrophomonas pavanii,True,0.8176336288452148,Bacillus pumilus,0.04686557874083519,Bacillus cereus,0.02996307797729969,0.7707680463790894,0.9604166746139526
oof,Stenotrophomonas pavanii|IMG_20260117_113330,Stenotrophomonas pavanii,IMG_20260117_113330,train,7,Stenotrophomonas pavanii,Stenotrophomonas pavanii,True,0.7315443754196167,Methylorubrum populi,0.026114027947187424,Kocuria rhizophila,0.025804471224546432,0.7054303288459778,1.47122323513031
oof,Stenotrophomonas pavanii|IMG_20260117_113336,Stenotrophomonas pavanii,IMG_20260117_113336,train,5,Stenotrophomonas pavanii,Stenotrophomonas pavanii,True,0.6168919205665588,Bacillus thuringiensis,0.050767164677381516,Pseudescherichia vulneris,0.04047711566090584,0.5661247372627258,1.8858823776245117
oof,Stenotrophomonas pavanii|IMG_20260117_113340,Stenotrophomonas pavanii,IMG_20260117_113340,train,7,Stenotrophomonas pavanii,Stenotrophomonas pavanii,True,0.7360600829124451,Bacillus cereus,0.05113696679472923,Bacillus pumilus,0.0336926095187664,0.6849231123924255,1.3675140142440796
